,URL,latitude,longitude,city,state,brand
0,https://www.crunch.com/locations/hillsborough,27.9950098,-82.5176571,Tampa,FL,Crunch
1,https://www.crunch.com/locations/countryside,28.018879,-82.730247,Clearwater,FL,Crunch
2,https://www.crunch.com/locations/carrollwood,28.0965,-82.50237,Tampa,FL,Crunch
3,https://www.crunch.com/locations/palm-harbor,28.091459,-82.740082,Palm Harbor,FL,Crunch
4,https://www.crunch.com/locations/south-tampa,27.905395,-82.507324,Tampa,FL,Crunch
5,https://www.crunch.com/locations/channelside,27.950686,-82.447781,Tampa,FL,Crunch
6,https://www.crunch.com/locations/trinity,28.218179,-82.691598,New Port Richey,FL,Crunch
7,https://www.crunch.com/locations/tampa-palms,28.08873,-82.40514,Tampa,FL,Crunch
8,https://www.crunch.com/locations/landolakes,28.186886,-82.437849,Land O' Lakes,FL,Crunch
9,https://www.crunch.com/locations/stpete-northeast,27.80569,-82.635727,St Petersburg,FL,Crunch
10,https://www.crunch.com/locations/seminole,27.840785,-82.788396,Seminole,FL,Crunch
11,https://www.crunch.com/locations/tyrone,27.78237,-82.713448,St. Petersburg,FL,Crunch
12,https://www.crunch.com/locations/brandon,27.93781,-82.31159,Brandon,FL,Crunch
13,https://www.crunch.com/locations/wesley-chapel,28.23598,-82.35228,Wesley Chapel,FL,Crunch
14,https://www.crunch.com/locations/apollo-beach,27.76888,-82.38703,Apollo Beach,FL,Crunch
15,https://www.crunch.com/locations/riverview,27.792006,-82.329898,Riverview,FL,Crunch
16,https://www.crunch.com/locations/bloomingdale,27.89507,-82.24667,Valrico,FL,Crunch
17,https://www.crunch.com/locations/parrish,27.5463,-82.475227,Parrish,FL,Crunch
18,https://www.crunch.com/locations/lakewood-ranch,27.48845,-82.45513,Bradenton,FL,Crunch
19,https://www.crunch.com/locations/lakeland,27.971024,-81.962777,Lakeland,FL,Crunch
20,https://www.crunch.com/locations/bradenton,27.45477,-82.57678,Bradenton,FL,Crunch
21,https://www.crunch.com/locations/sarasota-university,27.39046,-82.5057,Sarasota,FL,Crunch
22,https://www.crunch.com/locations/east-sarasota,27.33863,-82.43307,Sarasota,FL,Crunch
23,https://www.crunch.com/locations/sarasota-bee-ridge,27.29857,-82.4944,Sarasota,FL,Crunch
24,https://www.crunch.com/locations/clermont,28.545246,-81.733148,Clermont,FL,Crunch
25,https://www.crunch.com/locations/poinciana,28.08671,-81.47299,Kissimmee,FL,Crunch
26,https://www.crunch.com/locations/winter-garden,28.5495,-81.59439,Winter Garden,FL,Crunch
27,https://www.crunch.com/locations/dr-phillips,28.454646,-81.490566,Orlando,FL,Crunch
28,https://www.crunch.com/locations/ocoee,28.57531,-81.51875,Ocoee,FL,Crunch
29,https://www.crunch.com/locations/kissimmee,28.33891,-81.41095,Kissimmee,FL,Crunch
30,https://www.crunch.com/locations/kirkman,28.527336,-81.461925,Orlando,FL,Crunch
31,https://www.crunch.com/locations/apopka,28.67105,-81.466217,Apopka,FL,Crunch
32,https://www.crunch.com/locations/belle-isle,28.479522,-81.33204,Orlando,FL,Crunch
33,https://www.crunch.com/locations/st-cloud-fl,28.244814,-81.241318,St. Cloud,FL,Crunch
34,https://www.crunch.com/locations/east-colonial,28.552,-81.34236,Orlando,FL,Crunch
35,https://www.crunch.com/locations/altamonte-springs,28.68369,-81.41869,Altamonte Springs,FL,Crunch
36,https://www.crunch.com/locations/maitland,28.634801,-81.373917,Maitland,FL,Crunch
37,https://www.crunch.com/locations/lake-nona,28.446101,-81.262908,Orlando,FL,Crunch
38,https://www.crunch.com/locations/casselberry,28.645032,-81.320969,Casselberry,FL,Crunch
39,https://www.crunch.com/locations/winter-park,28.613034,-81.281234,Winter Park,FL,Crunch
40,https://www.crunch.com/locations/lake-mary,28.755404,-81.336112,Lake Mary,FL,Crunch
41,https://www.crunch.com/locations/orlando-park,28.568302,-81.199472,Orlando,FL,Crunch
42,https://www.crunch.com/locations/winter-springs,28.69648,-81.26295,Winter Springs,FL,Crunch
43,https://www.crunch.com/locations/deltona,28.896451,-81.272008,Deltona,FL,Crunch
44,https://www.crunch.com/locations/cape-coral,26.64526,-81.98701,Cape Coral,FL,Crunch
45,https://www.crunch.com/locations/gainesville,29.633599,-82.373787,Gainesville,FL,Crunch
46,https://www.crunch.com/locations/boy-scout,26.58304,-81.87825,Fort Myers,FL,Crunch
47,https://www.crunch.com/locations/six-mile,26.60613,-81.80868,Fort Myers,FL,Crunch
48,https://www.crunch.com/locations/fort-myers,26.5056,-81.91014,Fort Myers,FL,Crunch
49,https://www.crunch.com/locations/wickham,28.18941,-80.67219,Melbourne,FL,Crunch
50,https://www.crunch.com/locations/west-melbourne,28.078677,-80.642389,Melbourne,FL,Crunch
51,https://www.crunch.com/locations/daytona-beach,29.206035,-81.042921,Daytona Beach,FL,Crunch
52,https://www.crunch.com/locations/naples,26.21298,-81.72956,Naples,FL,Crunch
53,https://www.crunch.com/locations/port-st-lucie,27.27645,-80.28861,Port St. Lucie,FL,Crunch
54,https://www.crunch.com/locations/orangepark,30.188574,-81.736465,Orange Park,FL,Crunch
55,https://www.crunch.com/locations/stuart,27.17326,-80.23361,Stuart,FL,Crunch
56,https://www.crunch.com/locations/regency-park,30.31759,-81.55373,Jacksonville,FL,Crunch
57,https://www.crunch.com/locations/harbour-village,30.32196,-81.452728,Jacksonville,FL,Crunch
58,https://www.crunch.com/locations/wellington,26.67269,-80.24778,Wellington,FL,Crunch
59,https://www.crunch.com/locations/palm-beach-gardens,26.80779,-80.10194,Palm Beach Gardens,FL,Crunch
60,https://www.crunch.com/locations/greenacres,26.6495,-80.15017,Greenacres,FL,Crunch
61,https://www.crunch.com/locations/lake-worth,26.57215,-80.11607,Lake Worth,FL,Crunch
62,https://www.crunch.com/locations/coral-ridge,26.29784,-80.27704,Coral Springs,FL,Crunch
63,https://www.crunch.com/locations/coral-springs,26.24294,-80.25387,Coral Springs,FL,Crunch
64,https://www.crunch.com/locations/sunrise,26.17037,-80.28281,Sunrise,FL,Crunch
65,https://www.crunch.com/locations/tallahassee,30.463447,-84.309835,Tallahassee,FL,Crunch
66,https://www.crunch.com/locations/tamarac,26.18811,-80.20581,Tamarac,FL,Crunch
67,https://www.crunch.com/locations/plantation,26.111597,-80.259285,Plantation,FL,Crunch
68,https://www.crunch.com/locations/west-pembroke,26.00584,-80.36007,Pembroke Pines,FL,Crunch
69,https://www.crunch.com/locations/valdosta,30.84574,-83.31982,Valdosta,GA,Crunch
70,https://www.crunch.com/locations/pompano-beach,26.212541,-80.107278,Pompano Beach,FL,Crunch
71,https://www.crunch.com/locations/oakland-park,26.17058,-80.14654,Oakland Park,FL,Crunch
72,https://www.crunch.com/locations/pembroke-pines,26.009672,-80.281709,Pembroke Pines,FL,Crunch
73,https://www.crunch.com/locations/miami-gardens,25.950684,-80.243408,Miami Gardens,FL,Crunch
74,https://www.crunch.com/locations/doral,25.792516,-80.386618,Miami,FL,Crunch
75,https://www.crunch.com/locations/hallandale,25.93465,-80.12203,Hallandale Beach,FL,Crunch
76,https://www.crunch.com/locations/south-beach,25.78421,-80.13208,Miami Beach,FL,Crunch
77,https://www.crunch.com/locations/cutler-bay,25.57562,-80.36788,Cutler Bay,FL,Crunch
78,https://www.crunch.com/locations/homestead,25.476076,-80.427462,Homestead,FL,Crunch
79,https://www.crunch.com/locations/dothan,31.233946,-85.45032,Dothan,AL,Crunch
80,https://www.crunch.com/locations/savannah,32.001945,-81.116935,Savannah,GA,Crunch
81,https://www.crunch.com/locations/warner-robins,32.61952,-83.6885,Centerville,GA,Crunch
82,https://www.crunch.com/locations/pensacola,30.488689,-87.224998,Pensacola,FL,Crunch
83,https://www.crunch.com/locations/columbus,32.50626,-84.94784,Columbus,GA,Crunch
84,https://www.crunch.com/locations/auburn,32.62457,-85.444313,Auburn,AL,Crunch
85,https://www.crunch.com/locations/westashley,32.799984,-80.016107,Charleston,SC,Crunch
86,https://www.crunch.com/locations/spanishfort,30.66031,-87.90603,Spanish Fort,AL,Crunch
87,https://www.crunch.com/locations/montgomery,32.35691,-86.21726,Montgomery,AL,Crunch
88,https://www.crunch.com/locations/trolleyroad,32.96377,-80.16495,Summerville,SC,Crunch
89,https://www.crunch.com/locations/mount-pleasant,32.840784,-79.853808,Mount Pleasant,SC,Crunch
90,https://www.crunch.com/locations/north-charleston,32.946375,-80.037266,North Charleston,SC,Crunch
91,https://www.crunch.com/locations/parkwest,32.87678,-79.7805,Mt Pleasant,SC,Crunch
92,https://www.crunch.com/locations/augusta,33.49054,-82.07961,Augusta,GA,Crunch
93,https://www.crunch.com/locations/mobile,30.67647,-88.12205,Mobile,AL,Crunch
94,https://www.crunch.com/locations/newnan,33.40131,-84.74243,Newnan,GA,Crunch
95,https://www.crunch.com/locations/stone-mountain,33.838238,-84.071341,Lilburn,GA,Crunch
96,https://www.crunch.com/locations/athens,33.94433,-83.40924,Athens,GA,Crunch
97,https://www.crunch.com/locations/tucker,33.851971,-84.206291,Tucker,GA,Crunch
98,https://www.crunch.com/locations/snellville,33.904316,-84.004814,Lawrenceville,GA,Crunch
99,https://www.crunch.com/locations/d-iberville,30.441564,-88.898194,D'Iberville,MS,Crunch
100,https://www.crunch.com/locations/chamblee,33.898777,-84.30147,Chamblee,GA,Crunch
101,https://www.crunch.com/locations/perimeter,33.929157,-84.343062,Atlanta,GA,Crunch
102,https://www.crunch.com/locations/duluth,34.023624,-84.11375,Duluth,GA,Crunch
103,https://www.crunch.com/locations/hiram,33.88925,-84.7533,Hiram,GA,Crunch
104,https://www.crunch.com/locations/johns-creek,34.02915,-84.18906,Johns Creek,GA,Crunch
105,https://www.crunch.com/locations/marietta,33.96979,-84.48895,Marietta,GA,Crunch
106,https://www.crunch.com/locations/buford,34.084887,-83.990115,Buford,GA,Crunch
107,https://www.crunch.com/locations/long-beach-ms,30.35065,-89.154742,Long Beach,MS,Crunch
108,https://www.crunch.com/locations/west-cobb,33.953927,-84.653105,Marietta,GA,Crunch
109,https://www.crunch.com/locations/roswell,34.034346,-84.343846,Roswell,GA,Crunch
110,https://www.crunch.com/locations/kennesaw,33.99926,-84.58669,Kennesaw,GA,Crunch
111,https://www.crunch.com/locations/east-cobb,34.03851,-84.46288,Marietta,GA,Crunch
112,https://www.crunch.com/locations/acworth,34.03508,-84.68366,Acworth,GA,Crunch
113,https://www.crunch.com/locations/alabaster,33.23818,-86.81731,Alabaster,AL,Crunch
114,https://www.crunch.com/locations/gainesville-ga,34.29562,-83.8397,Gainesville,GA,Crunch
115,https://www.crunch.com/locations/hoover,33.387852,-86.807808,Hoover,AL,Crunch
116,https://www.crunch.com/locations/myrtlebeach,33.69979,-78.92471,Myrtle Beach,SC,Crunch
117,https://www.crunch.com/locations/anderson-sc,34.55469,-82.68291,Anderson,SC,Crunch
118,https://www.crunch.com/locations/petal,31.350084,-89.226433,Petal,MS,Crunch
119,https://www.crunch.com/locations/tuscaloosa,33.178259,-87.523357,Tuscaloosa,AL,Crunch
120,https://www.crunch.com/locations/hattiesburg,31.327724,-89.357816,Hattiesburg,MS,Crunch
121,https://www.crunch.com/locations/mauldin,34.775539,-82.313568,Mauldin,SC,Crunch
122,https://www.crunch.com/locations/algiers,29.925668,-90.01971,New Orleans,LA,Crunch
123,https://www.crunch.com/locations/greenville,34.80085,-82.377602,Greenville,SC,Crunch
124,https://www.crunch.com/locations/marrero,29.873855,-90.099106,Marrero,LA,Crunch
125,https://www.crunch.com/locations/cherrydale,34.88935,-82.40204,Greenville,SC,Crunch
126,https://www.crunch.com/locations/taylors,34.89069,-82.29492,Taylors,SC,Crunch
127,https://www.crunch.com/locations/mandeville,30.37515,-90.09173,Mandeville,LA,Crunch
128,https://www.crunch.com/locations/spartanburg,34.96419,-81.89533,Spartanburg,SC,Crunch
129,https://www.crunch.com/locations/ballantyne,35.064831,-80.845958,Charlotte,NC,Crunch
130,https://www.crunch.com/locations/steele-creek,35.117319,-80.961348,Charlotte,NC,Crunch
131,https://www.crunch.com/locations/arboretum,35.09547,-80.786568,Charlotte,NC,Crunch
132,https://www.crunch.com/locations/matthews,35.12756,-80.70796,Matthews,NC,Crunch
133,https://www.crunch.com/locations/hamilton-place,35.03339,-85.15932,Chattanooga,TN,Crunch
134,https://www.crunch.com/locations/wilmington,34.235124,-77.881554,Wilmington,NC,Crunch
135,https://www.crunch.com/locations/charlotte-university,35.2953,-80.74017,Charlotte,NC,Crunch
136,https://www.crunch.com/locations/hixson,35.12563,-85.23916,Hixson,TN,Crunch
137,https://www.crunch.com/locations/decatur,34.56323,-87.01189,Decatur,AL,Crunch
138,https://www.crunch.com/locations/irelanddrive,35.041562,-78.948024,Fayetteville,NC,Crunch
139,https://www.crunch.com/locations/skiboroad,35.074509,-78.965714,Fayetteville,NC,Crunch
140,https://www.crunch.com/locations/baton-rouge,30.43373,-91.0843,Baton Rouge,LA,Crunch
141,https://www.crunch.com/locations/ridgeland,32.399491,-90.118773,Ridgeland,MS,Crunch
142,https://www.crunch.com/locations/bearden,35.942395,-83.97886,Knoxville,TN,Crunch
143,https://www.crunch.com/locations/florenceal,34.82425,-87.65625,Florence,AL,Crunch
144,https://www.crunch.com/locations/fountain-city,36.02977,-83.93073,Knoxville,TN,Crunch
145,https://www.crunch.com/locations/jacksonville,34.786769,-77.427051,Jacksonville,NC,Crunch
146,https://www.crunch.com/locations/westmarket,36.07054,-79.84989,Greensboro,NC,Crunch
147,https://www.crunch.com/locations/churchcrossing,36.133903,-79.787023,Greensboro,NC,Crunch
148,https://www.crunch.com/locations/villagedistrict,35.791224,-78.658242,Raleigh,NC,Crunch
149,https://www.crunch.com/locations/murfreesboro,35.86264,-86.40686,Murfreesboro,TN,Crunch
150,https://www.crunch.com/locations/creedmoor,35.871859,-78.679513,Raleigh,NC,Crunch
151,https://www.crunch.com/locations/priest-lake,36.07178,-86.638008,Nashville,TN,Crunch
152,https://www.crunch.com/locations/bell-road,36.15009,-86.62553,Nashville,TN,Crunch
153,https://www.crunch.com/locations/hendersonville,36.33201,-86.62559,Hendersonville,TN,Crunch
154,https://www.crunch.com/locations/southaven,34.991847,-90.012922,Southaven,MS,Crunch
155,https://www.crunch.com/locations/cordova,35.17018,-89.79512,Cordova,TN,Crunch
156,https://www.crunch.com/locations/white-station,35.10828,-89.8901,Memphis,TN,Crunch
157,https://www.crunch.com/locations/clarksville,36.5734,-87.40816,Clarksville,TN,Crunch
158,https://www.crunch.com/locations/roanoke,37.230996,-80.005864,Roanoke,VA,Crunch
159,https://www.crunch.com/locations/austin-peay,35.21385,-89.915737,Memphis,TN,Crunch
160,https://www.crunch.com/locations/lynchburg,37.373979,-79.182933,Lynchburg,VA,Crunch
161,https://www.crunch.com/locations/lexington,37.991305,-84.521574,Lexington,KY,Crunch
162,https://www.crunch.com/locations/port-arthur,29.947271,-93.988655,Port Arthur,TX,Crunch
163,https://www.crunch.com/locations/portsmouth,36.814606,-76.358523,Portsmouth,VA,Crunch
164,https://www.crunch.com/locations/beaumont,30.12551,-94.15636,Beaumont,TX,Crunch
165,https://www.crunch.com/locations/norfolk,36.860543,-76.204749,Norfolk,VA,Crunch
166,https://www.crunch.com/locations/chimney-hill,36.81371,-76.10003,Virginia Beach,VA,Crunch
167,https://www.crunch.com/locations/midlothian,37.508885,-77.487069,Richmond,VA,Crunch
168,https://www.crunch.com/locations/hampton,37.036383,-76.401457,Hampton,VA,Crunch
169,https://www.crunch.com/locations/outerloop,38.13969,-85.68182,Louisville,KY,Crunch
170,https://www.crunch.com/locations/ferncreek,38.16627,-85.6043,Louisville,KY,Crunch
171,https://www.crunch.com/locations/scotts-addition,37.56886,-77.47751,Richmond,VA,Crunch
172,https://www.crunch.com/locations/west-end,37.62106,-77.61227,Richmond,VA,Crunch
173,https://www.crunch.com/locations/dixie,38.15107,-85.83448,Louisville,KY,Crunch
174,https://www.crunch.com/locations/glenside,37.60959,-77.5159,Henrico,VA,Crunch
175,https://www.crunch.com/locations/middletown-ky,38.24429,-85.52967,Louisville,KY,Crunch
176,https://www.crunch.com/locations/brook-rd,37.60907,-77.4569,Richmond,VA,Crunch
177,https://www.crunch.com/locations/evansville,37.979938,-87.49543,Evansville,IN,Crunch
178,https://www.crunch.com/locations/dickinson,29.449805,-95.079397,Dickinson,TX,Crunch
179,https://www.crunch.com/locations/league-city,29.501987,-95.111124,League City,TX,Crunch
180,https://www.crunch.com/locations/florence,39.00999,-84.64232,Florence,KY,Crunch
181,https://www.crunch.com/locations/fredericksburg,38.296047,-77.513292,Fredericksburg,VA,Crunch
182,https://www.crunch.com/locations/anderson,39.0727,-84.32584,Cincinnati,OH,Crunch
183,https://www.crunch.com/locations/newport,39.08143,-84.48161,Newport,KY,Crunch
184,https://www.crunch.com/locations/atascocita,29.997709,-95.170837,Humble,TX,Crunch
185,https://www.crunch.com/locations/pearland,29.55472,-95.263546,Pearland,TX,Crunch
186,https://www.crunch.com/locations/oakley,39.160493,-84.422166,Cincinnati,OH,Crunch
187,https://www.crunch.com/locations/humble,30.01404,-95.26086,Humble,TX,Crunch
188,https://www.crunch.com/locations/kenwood,39.20414,-84.374,Cincinnati,OH,Crunch
189,https://www.crunch.com/locations/mason,39.30787,-84.31603,Mason,OH,Crunch
190,https://www.crunch.com/locations/longview,32.51648,-94.73978,Longview,TX,Crunch
191,https://www.crunch.com/locations/conroe,30.333599,-95.482242,Conroe,TX,Crunch
192,https://www.crunch.com/locations/kirkwood,29.73669,-95.59078,Houston,TX,Crunch
193,https://www.crunch.com/locations/copperfield,29.87268,-95.6454,Houston,TX,Crunch
194,https://www.crunch.com/locations/cypress,29.967371,-95.688799,Cypress,TX,Crunch
195,https://www.crunch.com/locations/waldorf,38.62793,-76.91637,Waldorf,MD,Crunch
196,https://www.crunch.com/locations/katy,29.75913,-95.75251,Katy,TX,Crunch
197,https://www.crunch.com/locations/tyler,32.30823,-95.27652,Tyler,TX,Crunch
198,https://www.crunch.com/locations/chevy-chase,38.956251,-77.08461199999999,Washington,DC,Crunch
199,https://www.crunch.com/locations/leesburg,39.10792,-77.52713,Leesburg,VA,Crunch
200,https://www.crunch.com/locations/college-park,38.97863,-76.93144,College Park,MD,Crunch
201,https://www.crunch.com/locations/reynoldsburg,39.95479,-82.81212,Columbus,OH,Crunch
202,https://www.crunch.com/locations/greenwood,39.63129,-86.12543,Greenwood,IN,Crunch
203,https://www.crunch.com/locations/campus,40.019619,-83.025985,Columbus,OH,Crunch
204,https://www.crunch.com/locations/hilliard,40.0334,-83.15825,Hilliard,OH,Crunch
205,https://www.crunch.com/locations/avon,39.765301,-86.32196,Indianapolis,IN,Crunch
206,https://www.crunch.com/locations/frederick,39.41777,-77.44402,Frederick,MD,Crunch
207,https://www.crunch.com/locations/keystone,39.86725,-86.12288,Indianapolis,IN,Crunch
208,https://www.crunch.com/locations/college-station,30.633282,-96.330838,College Station,TX,Crunch
209,https://www.crunch.com/locations/michigan-road,39.91326,-86.22518,Indianapolis,IN,Crunch
210,https://www.crunch.com/locations/noblesville,39.99839,-86.00279,Noblesville,IN,Crunch
211,https://www.crunch.com/locations/hagerstown,39.65382,-77.752953,Hagerstown,MD,Crunch
212,https://www.crunch.com/locations/canton,39.275948,-76.562053,Baltimore,MD,Crunch
213,https://www.crunch.com/locations/fenton,38.513895,-90.442645,Fenton,MO,Crunch
214,https://www.crunch.com/locations/westminster,39.564824,-76.978618,Westminster,MD,Crunch
215,https://www.crunch.com/locations/manchester-mo,38.59411,-90.50663,Manchester,MO,Crunch
216,https://www.crunch.com/locations/pleasant-hills,40.33128,-79.94558,Pleasant Hills,PA,Crunch
217,https://www.crunch.com/locations/florissant,38.79011,-90.34403,Florissant,MO,Crunch
218,https://www.crunch.com/locations/chambersburg,39.934608,-77.691756,Chambersburg,PA,Crunch
219,https://www.crunch.com/locations/mcknight,40.498418,-80.012885,Pittsburgh,PA,Crunch
220,https://www.crunch.com/locations/st-peters,38.78976,-90.62686,Saint Peters,MO,Crunch
221,https://www.crunch.com/locations/fayetteville,36.128497,-94.149384,Fayetteville,AR,Crunch
222,https://www.crunch.com/locations/forney,32.748557,-96.451873,Forney,TX,Crunch
223,https://www.crunch.com/locations/york,39.9810346,-76.7540662,York,PA,Crunch
224,https://www.crunch.com/locations/east-york,39.97432,-76.67998,York,PA,Crunch
225,https://www.crunch.com/locations/champaign,40.13579,-88.23969,Champaign,IL,Crunch
226,https://www.crunch.com/locations/newark,39.683042,-75.736278,Newark,DE,Crunch
227,https://www.crunch.com/locations/rowlett,32.908472,-96.566628,Rowlett,TX,Crunch
228,https://www.crunch.com/locations/mechanicsburg,40.24126,-76.990102,Mechanicsburg,PA,Crunch
229,https://www.crunch.com/locations/corpus-christi,27.72639,-97.37891,Corpus Christi,TX,Crunch
230,https://www.crunch.com/locations/corpuschristisouth,27.68032,-97.38852,Corpus Christi,TX,Crunch
231,https://www.crunch.com/locations/lancaster-pa,40.070469,-76.343872,Lancaster,PA,Crunch
232,https://www.crunch.com/locations/waco,31.529914,-97.172799,Waco,TX,Crunch
233,https://www.crunch.com/locations/east-plano,33.020229,-96.71479,Plano,TX,Crunch
234,https://www.crunch.com/locations/allen,33.10393,-96.68316,Allen,TX,Crunch
235,https://www.crunch.com/locations/central-forest,32.90755,-96.76941,Dallas,TX,Crunch
236,https://www.crunch.com/locations/harrisburg,40.279358,-76.824308,Harrisburg,PA,Crunch
237,https://www.crunch.com/locations/duncanville,32.655251,-96.890167,Dallas,TX,Crunch
238,https://www.crunch.com/locations/brandywine,39.831825,-75.538659,Wilmington,DE,Crunch
239,https://www.crunch.com/locations/cedar-hill,32.591862,-96.946007,Cedar Hill,TX,Crunch
240,https://www.crunch.com/locations/mckinney,33.175001,-96.728331,McKinney,TX,Crunch
241,https://www.crunch.com/locations/plano,33.024448,-96.798561,Plano,TX,Crunch
242,https://www.crunch.com/locations/temple,31.08549,-97.39782,Temple,TX,Crunch
243,https://www.crunch.com/locations/brunswick,41.238341,-81.80331,Brunswick,OH,Crunch
244,https://www.crunch.com/locations/frisco,33.10952,-96.805832,Frisco,TX,Crunch
245,https://www.crunch.com/locations/grand-prairie,32.69665,-97.02576,Grand Prairie,TX,Crunch
246,https://www.crunch.com/locations/state-college,40.78181,-77.85279,State College,PA,Crunch
247,https://www.crunch.com/locations/arlington,32.65065,-97.137169,Arlington,TX,Crunch
248,https://www.crunch.com/locations/middleburg-heights,41.378742,-81.786936,Middleburg Heights,OH,Crunch
249,https://www.crunch.com/locations/round-rock,30.482585,-97.67675,Round Rock,TX,Crunch
250,https://www.crunch.com/locations/atxwparmerln,30.413284,-97.688177,Austin,TX,Crunch
251,https://www.crunch.com/locations/north-round-rock,30.55647,-97.688,Round Rock,TX,Crunch
252,https://www.crunch.com/locations/north-brownsville,25.924894,-97.470316,Brownsville,TX,Crunch
253,https://www.crunch.com/locations/brownsville,25.922579,-97.474757,Brownsville,TX,Crunch
254,https://www.crunch.com/locations/harker-heights,31.073126,-97.656689,Harker Heights,TX,Crunch
255,https://www.crunch.com/locations/colleyville,32.87817,-97.15728,Colleyville,TX,Crunch
256,https://www.crunch.com/locations/south-park-meadows,30.15777,-97.79395,Austin,TX,Crunch
257,https://www.crunch.com/locations/kyle,30.0299,-97.84814,Kyle,TX,Crunch
258,https://www.crunch.com/locations/south-austin,30.22306,-97.84347,Austin,TX,Crunch
259,https://www.crunch.com/locations/moorestown,39.94265,-74.959534,Moorestown,NJ,Crunch
260,https://www.crunch.com/locations/north-richland-hills,32.84177,-97.24125,North Richland Hills,TX,Crunch
261,https://www.crunch.com/locations/cedar-park,30.52643,-97.81416,Cedar Park,TX,Crunch
262,https://www.crunch.com/locations/burleson,32.524023,-97.352112,Burleson,TX,Crunch
263,https://www.crunch.com/locations/pottstown,40.25472,-75.66485,Pottstown,PA,Crunch
264,https://www.crunch.com/locations/norristown,40.146118,-75.39296,Norristown,PA,Crunch
265,https://www.crunch.com/locations/killeen,31.11201,-97.749309,Killeen,TX,Crunch
266,https://www.crunch.com/locations/normal,40.50714,-88.95534,Normal,IL,Crunch
267,https://www.crunch.com/locations/golden-triangle,32.956904,-97.264802,Fort Worth,TX,Crunch
268,https://www.crunch.com/locations/sanmarcostx,29.84864,-97.96589,San Marcos,TX,Crunch
269,https://www.crunch.com/locations/huntingdon-valley,40.08783,-75.09256,Huntingdon Valley,PA,Crunch
270,https://www.crunch.com/locations/summer-creek,32.62952,-97.408652,Fort Worth,TX,Crunch
271,https://www.crunch.com/locations/roosevelt,40.07526,-75.03237,Philadelphia,PA,Crunch
272,https://www.crunch.com/locations/saginaw,32.867418,-97.3406,Fort Worth,TX,Crunch
273,https://www.crunch.com/locations/columbia-mo,38.95064,-92.33424,Columbia,MO,Crunch
274,https://www.crunch.com/locations/bensalem,40.0738,-74.96662,Bensalem,PA,Crunch
275,https://www.crunch.com/locations/atx-lakeway,30.338241,-97.971641,Lakeway,TX,Crunch
276,https://www.crunch.com/locations/benbrook,32.682351,-97.463376,Benbrook,TX,Crunch
277,https://www.crunch.com/locations/willoughby,41.626656,-81.437108,Willoughby,OH,Crunch
278,https://www.crunch.com/locations/toledo,41.704182,-83.589569,Toledo,OH,Crunch
279,https://www.crunch.com/locations/brokenarrow,36.01564,-95.79626,Broken Arrow,OK,Crunch
280,https://www.crunch.com/locations/fairless-hills,40.18759,-74.86726,Fairless Hills,PA,Crunch
281,https://www.crunch.com/locations/tulsa,36.03352,-95.8883,Tulsa,OK,Crunch
282,https://www.crunch.com/locations/hamilton,40.19222,-74.7201,Hamilton,NJ,Crunch
283,https://www.crunch.com/locations/toms-river,39.975094,-74.18058,Toms River,NJ,Crunch
284,https://www.crunch.com/locations/tulsa-midtown,36.133433,-95.919706,Tulsa,OK,Crunch
285,https://www.crunch.com/locations/sawoodlake,29.4834,-98.34829,San Antonio,TX,Crunch
286,https://www.crunch.com/locations/sa-windcrest,29.505127,-98.396721,Windcrest,TX,Crunch
287,https://www.crunch.com/locations/east-windsor,40.25653,-74.55009,East Windsor,NJ,Crunch
288,https://www.crunch.com/locations/sa-thousand-oaks,29.551943,-98.409294,San Antonio,TX,Crunch
289,https://www.crunch.com/locations/monroe,41.951138,-83.401984,Monroe,MI,Crunch
290,https://www.crunch.com/locations/edinburg,26.29461,-98.196085,Edinburg,TX,Crunch
291,https://www.crunch.com/locations/pharr,26.202578,-98.20165,Pharr,TX,Crunch
292,https://www.crunch.com/locations/sanpedro,29.51292,-98.49756,San Antonio,TX,Crunch
293,https://www.crunch.com/locations/freehold,40.2467,-74.279877,Freehold,NJ,Crunch
294,https://www.crunch.com/locations/wall-township,40.16534,-74.049316,Wall Township,NJ,Crunch
295,https://www.crunch.com/locations/sa-colonnade,29.53481,-98.56089,San Antonio,TX,Crunch
296,https://www.crunch.com/locations/south-marlboro,40.303674,-74.251083,Marlboro,NJ,Crunch
297,https://www.crunch.com/locations/north-brunswick,40.43762,-74.50863,North Brunswick,NJ,Crunch
298,https://www.crunch.com/locations/ocean-township,40.227242,-74.043358,Ocean Township,NJ,Crunch
299,https://www.crunch.com/locations/bandera,29.52125,-98.6383,San Antonio,TX,Crunch
300,https://www.crunch.com/locations/east-brunswick,40.431,-74.38838,East Brunswick,NJ,Crunch
301,https://www.crunch.com/locations/sa-westlakes,29.421814,-98.651827,San Antonio,TX,Crunch
302,https://www.crunch.com/locations/marbach,29.4179,-98.65742,San Antonio,TX,Crunch
303,https://www.crunch.com/locations/tinton-falls,40.312179,-74.067041,Tinton Falls,NJ,Crunch
304,https://www.crunch.com/locations/marlboro,40.38348,-74.21349,Morganville,NJ,Crunch
305,https://www.crunch.com/locations/somerset,40.51328,-74.48639,Somerset,NJ,Crunch
306,https://www.crunch.com/locations/aberdeen,40.39787,-74.224371,Aberdeen,NJ,Crunch
307,https://www.crunch.com/locations/southgate,42.19885,-83.19682,Southgate,MI,Crunch
308,https://www.crunch.com/locations/greenbrook,40.588098,-74.507967,Green Brook,NJ,Crunch
309,https://www.crunch.com/locations/erie,42.10117,-80.10457,Erie,PA,Crunch
310,https://www.crunch.com/locations/ypsilanti,42.241056,-83.613055,Ypsilanti,MI,Crunch
311,https://www.crunch.com/locations/taylor,42.255546,-83.268143,Taylor,MI,Crunch
312,https://www.crunch.com/locations/ann-arbor,42.24722,-83.76915,Ann Arbor,MI,Crunch
313,https://www.crunch.com/locations/woodbridge,40.56654,-74.28781,Woodbridge,NJ,Crunch
314,https://www.crunch.com/locations/hackettstown,40.82743,-74.83287,Hackettstown,NJ,Crunch
315,https://www.crunch.com/locations/dearborn,42.330002,-83.205409,Dearborn,MI,Crunch
316,https://www.crunch.com/locations/westland,42.337598,-83.39553,Westland,MI,Crunch
317,https://www.crunch.com/locations/wilkes-barre,41.2467,-75.84814,Wilkes Barre,PA,Crunch
318,https://www.crunch.com/locations/si-south,40.58633,-74.19388,Staten Island,NY,Crunch
319,https://www.crunch.com/locations/garwood,40.65224,-74.32307,Garwood,NJ,Crunch
320,https://www.crunch.com/locations/burbank-station,41.752373,-87.741633,Burbank,IL,Crunch
321,https://www.crunch.com/locations/livonia,42.3734,-83.4129,Livonia,MI,Crunch
322,https://www.crunch.com/locations/bolingbrook,41.688196,-88.065502,Bolingbrook,IL,Crunch
323,https://www.crunch.com/locations/springfield,40.710315,-74.310955,Springfield,NJ,Crunch
324,https://www.crunch.com/locations/morristown,40.797699,-74.50119,Morristown,NJ,Crunch
325,https://www.crunch.com/locations/stanhope,40.90915,-74.71197,Stanhope,NJ,Crunch
326,https://www.crunch.com/locations/bensonhurst,40.593102,-73.997528,Brooklyn,NY,Crunch
327,https://www.crunch.com/locations/staten-island,40.63351,-74.07586,Staten Island,NY,Crunch
328,https://www.crunch.com/locations/aurora,41.71091,-88.25345,Aurora,IL,Crunch
329,https://www.crunch.com/locations/livingston,40.79666,-74.35371,Livingston,NJ,Crunch
330,https://www.crunch.com/locations/farmington-hills,42.474216,-83.433832,Farmington Hills,MI,Crunch
331,https://www.crunch.com/locations/flatbush,40.64574,-73.95825,Brooklyn,NY,Crunch
332,https://www.crunch.com/locations/south-slope,40.6655929,-73.98891559999998,Brooklyn,NY,Crunch
333,https://www.crunch.com/locations/park-slope,40.6769,-73.97244,Brooklyn,NY,Crunch
334,https://www.crunch.com/locations/crown-heights,40.66324,-73.93297,Brooklyn,NY,Crunch
335,https://www.crunch.com/locations/ft-greene,40.68771,-73.97793,Brooklyn,NY,Crunch
336,https://www.crunch.com/locations/parsippany,40.85829,-74.34791,Parsippany,NJ,Crunch
337,https://www.crunch.com/locations/fidi,40.7086108,-74.010121321,New York,NY,Crunch
338,https://www.crunch.com/locations/tribeca,40.71719,-74.00511,New York,NY,Crunch
339,https://www.crunch.com/locations/hoboken,40.73739,-74.02765,Hoboken,NJ,Crunch
340,https://www.crunch.com/locations/scranton,41.40791,-75.66792,Scranton,PA,Crunch
341,https://www.crunch.com/locations/norman,35.21724,-97.47604,Norman,OK,Crunch
342,https://www.crunch.com/locations/verona,40.83454,-74.2268,Verona,NJ,Crunch
343,https://www.crunch.com/locations/bowery,40.72741,-73.9918,New York,NY,Crunch
344,https://www.crunch.com/locations/union-square,40.7328,-73.98983,New York,NY,Crunch
345,https://www.crunch.com/locations/chelsea,40.742,-73.99835,New York,NY,Crunch
346,https://www.crunch.com/locations/warren,42.580329,-82.987985,Warren,MI,Crunch
347,https://www.crunch.com/locations/greenpoint,40.72841,-73.9539,Brooklyn,NY,Crunch
348,https://www.crunch.com/locations/e-34th-st,40.74494,-73.977,New York,NY,Crunch
349,https://www.crunch.com/locations/w-38th-st,40.75329,-73.98826,New York,NY,Crunch
350,https://www.crunch.com/locations/midtown-east,40.7551,-73.9732,New York,NY,Crunch
351,https://www.crunch.com/locations/w-54th-st,40.76446,-73.98349,New York,NY,Crunch
352,https://www.crunch.com/locations/okc-midwest,35.450332,-97.390265,Midwest City,OK,Crunch
353,https://www.crunch.com/locations/clinton-township,42.604977,-82.954797,Clinton Township,MI,Crunch
354,https://www.crunch.com/locations/e-59th-st,40.76037,-73.96474,New York,NY,Crunch
355,https://www.crunch.com/locations/richmond-hill,40.69871,-73.834,Queens,NY,Crunch
356,https://www.crunch.com/locations/e-66th-st,40.76612,-73.96502,New York,NY,Crunch
357,https://www.crunch.com/locations/rochdale,40.6798,-73.77473,Jamaica,NY,Crunch
358,https://www.crunch.com/locations/e-81st-st,40.77601,-73.95642,New York,NY,Crunch
359,https://www.crunch.com/locations/w-83rd-st,40.78535,-73.97575,New York,NY,Crunch
360,https://www.crunch.com/locations/north-bergen,40.80427,-74.01208,North Bergen,NJ,Crunch
361,https://www.crunch.com/locations/clifton,40.87152,-74.15497,Clifton,NJ,Crunch
362,https://www.crunch.com/locations/waterford,42.69349,-83.3881,Waterford,MI,Crunch
363,https://www.crunch.com/locations/bellmore,40.6685,-73.53101,Bellmore,NY,Crunch
364,https://www.crunch.com/locations/inwood,40.864021,-73.917311,New York,NY,Crunch
365,https://www.crunch.com/locations/mount-prospect,42.07848,-87.933,Mount Prospect,IL,Crunch
366,https://www.crunch.com/locations/midland-park,40.984447,-74.139272,Midland Park,NJ,Crunch
367,https://www.crunch.com/locations/schaumburg,42.0516,-88.06433,Schaumburg,IL,Crunch
368,https://www.crunch.com/locations/paramus,40.9619,-74.07132,Paramus,NJ,Crunch
369,https://www.crunch.com/locations/norwood,40.87281,-73.87463,Bronx,NY,Crunch
370,https://www.crunch.com/locations/east-meadow,40.72517,-73.5427,East Meadow,NY,Crunch
371,https://www.crunch.com/locations/amityville,40.671481,-73.418509,Amityville,NY,Crunch
372,https://www.crunch.com/locations/palatine,42.087704,-88.059698,Palatine,IL,Crunch
373,https://www.crunch.com/locations/edmond,35.66794,-97.51004,Edmond,OK,Crunch
374,https://www.crunch.com/locations/east-lansing,42.72403,-84.450633,East Lansing,MI,Crunch
375,https://www.crunch.com/locations/quail-springs,35.59716,-97.56585,Oklahoma City,OK,Crunch
376,https://www.crunch.com/locations/west-babylon,40.70248,-73.34205,West Babylon,NY,Crunch
377,https://www.crunch.com/locations/west-lansing,42.738958,-84.630848,Lansing,MI,Crunch
378,https://www.crunch.com/locations/yukon,35.465,-97.723129,Yukon,OK,Crunch
379,https://www.crunch.com/locations/okc-northwest,35.569092,-97.664108,Oklahoma City,OK,Crunch
380,https://www.crunch.com/locations/wichita-falls,33.88374,-98.52656,Wichita Falls,TX,Crunch
381,https://www.crunch.com/locations/olathe,38.88507,-94.77777,Olathe,KS,Crunch
382,https://www.crunch.com/locations/new-city,41.15439,-73.9873,New City,NY,Crunch
383,https://www.crunch.com/locations/shawnee,39.01012,-94.77914,Shawnee,KS,Crunch
384,https://www.crunch.com/locations/kc-mo,39.182607,-94.578445,Kansas City,MO,Crunch
385,https://www.crunch.com/locations/hauppauge,40.81636,-73.19357,Hauppauge,NY,Crunch
386,https://www.crunch.com/locations/laredo,27.54072,-99.50132,Laredo,TX,Crunch
387,https://www.crunch.com/locations/lake-grove,40.861644,-73.124116,Lake Grove,NY,Crunch
388,https://www.crunch.com/locations/middletown,41.451007,-74.382012,Middletown,NY,Crunch
389,https://www.crunch.com/locations/round-lake,42.379372,-88.061089,Round Lake Beach,IL,Crunch
390,https://www.crunch.com/locations/hamburg,42.752305,-78.858723,Hamburg,NY,Crunch
391,https://www.crunch.com/locations/owasso,38.281153,-95.844721,Owasso,OK,Crunch
392,https://www.crunch.com/locations/norwalk,41.09362,-73.4524,Norwalk,CT,Crunch
393,https://www.crunch.com/locations/kentwood,42.9139,-85.54681,Grand Rapids,MI,Crunch
394,https://www.crunch.com/locations/lawrence,38.9436,-95.25934,Lawrence,KS,Crunch
395,https://www.crunch.com/locations/rockford,42.26713,-88.993813,Rockford,IL,Crunch
396,https://www.crunch.com/locations/walker,43.01975,-85.68723,Walker,MI,Crunch
397,https://www.crunch.com/locations/cheektowaga,42.916214,-78.737339,Cheektowaga,NY,Crunch
398,https://www.crunch.com/locations/ithaca,42.42932,-76.51309,Ithaca,NY,Crunch
399,https://www.crunch.com/locations/amherst,42.98011,-78.80933,Amherst,NY,Crunch
400,https://www.crunch.com/locations/tonawanda,42.999685,-78.858966,Tonawanda,NY,Crunch
401,https://www.crunch.com/locations/poughkeepsie,41.64372,-73.92484,Poughkeepsie,NY,Crunch
402,https://www.crunch.com/locations/niagara-falls,43.102922,-78.97741,Niagara Falls,NY,Crunch
403,https://www.crunch.com/locations/topeka,39.00017,-95.6876,Topeka,KS,Crunch
404,https://www.crunch.com/locations/abilene,32.428492,-99.783303,Abilene,TX,Crunch
405,https://www.crunch.com/locations/greenfield,42.9313,-87.95171,Greenfield,WI,Crunch
406,https://www.crunch.com/locations/hales-corners,42.94794,-88.0494,Hales Corners,WI,Crunch
407,https://www.crunch.com/locations/waukesha,42.98929,-88.22522,Waukesha,WI,Crunch
408,https://www.crunch.com/locations/brookfield,43.08748,-88.06823,Brookfield,WI,Crunch
409,https://www.crunch.com/locations/fairmount,43.049795,-76.231641,Syracuse,NY,Crunch
410,https://www.crunch.com/locations/san-angelo,31.43834,-100.49161,San Angelo,TX,Crunch
411,https://www.crunch.com/locations/dewitt,43.049598,-76.124815,Syracuse,NY,Crunch
412,https://www.crunch.com/locations/cicero,43.14806,-76.116119,Cicero,NY,Crunch
413,https://www.crunch.com/locations/madison,43.05992,-89.51022,Madison,WI,Crunch
414,https://www.crunch.com/locations/des-moines-south,41.52667,-93.60079,Des Moines,IA,Crunch
415,https://www.crunch.com/locations/springfield-ma,42.08003,-72.52723,East Longmeadow,MA,Crunch
416,https://www.crunch.com/locations/crossgates,42.688069,-73.849441,Albany,NY,Crunch
417,https://www.crunch.com/locations/schenectady,42.785155,-73.94455,Schenectady,NY,Crunch
418,https://www.crunch.com/locations/urbandale,41.616546,-93.744526,Urbandale,IA,Crunch
419,https://www.crunch.com/locations/troy,42.738281,-73.67749,Troy,NY,Crunch
420,https://www.crunch.com/locations/fall-river,41.671733,-71.161143,Fall River,MA,Crunch
421,https://www.crunch.com/locations/swansea,41.75556,-71.21853,Swansea,MA,Crunch
422,https://www.crunch.com/locations/newbedford,41.611014,-70.91671,New Bedford,MA,Crunch
423,https://www.crunch.com/locations/northattleboro,41.937712,-71.345451,North Attleborough,MA,Crunch
424,https://www.crunch.com/locations/worcestereast,42.24738,-71.76093,Worcester,MA,Crunch
425,https://www.crunch.com/locations/worcester,42.287952,-71.802717,Worcester,MA,Crunch
426,https://www.crunch.com/locations/appleton,44.23972,-88.3607,Appleton,WI,Crunch
427,https://www.crunch.com/locations/brockton,42.07459,-71.0437,Brockton,MA,Crunch
428,https://www.crunch.com/locations/hudson,42.380302,-71.568996,Hudson,MA,Crunch
429,https://www.crunch.com/locations/fitchburg,42.580081,-71.793183,Fitchburg,MA,Crunch
430,https://www.crunch.com/locations/braintree,42.19124,-70.98731,Braintree,MA,Crunch
431,https://www.crunch.com/locations/roslindale,42.2757,-71.11441,Roslindale,MA,Crunch
432,https://www.crunch.com/locations/green-bay,44.52304,-88.0625,Green Bay,WI,Crunch
433,https://www.crunch.com/locations/dorchester,42.28304,-71.05504,Boston,MA,Crunch
434,https://www.crunch.com/locations/allston,42.34852,-71.13265,Allston,MA,Crunch
435,https://www.crunch.com/locations/malden,42.42524,-71.042168,Malden,MA,Crunch
436,https://www.crunch.com/locations/omaha-deerfield,41.20501,-96.12601,Omaha,NE,Crunch
437,https://www.crunch.com/locations/maplewood,41.28343,-96.05426,Omaha,NE,Crunch
438,https://www.crunch.com/locations/lincoln,40.86266,-96.67836,Lincoln,NE,Crunch
439,https://www.crunch.com/locations/lynn,42.46207,-70.95068,Lynn,MA,Crunch
440,https://www.crunch.com/locations/nashua,42.801407,-71.542854,Nashua,NH,Crunch
441,https://www.crunch.com/locations/danvers,42.584759,-70.964691,Danvers,MA,Crunch
442,https://www.crunch.com/locations/midland,32.011552,-102.157635,Midland,TX,Crunch
443,https://www.crunch.com/locations/haverhill,42.7706,-71.07507,Haverhill,MA,Crunch
444,https://www.crunch.com/locations/lubbock,33.537483,-101.92097,Lubbock,TX,Crunch
445,https://www.crunch.com/locations/odessa,31.88792,-102.35359,Odessa,TX,Crunch
446,https://www.crunch.com/locations/ponce,17.989034,-66.609882,Ponce,PR,Crunch
447,https://www.crunch.com/locations/amarillo,35.191988,-101.867283,Amarillo,TX,Crunch
448,https://www.crunch.com/locations/burlington,44.44276,-73.20987,South Burlington,VT,Crunch
449,https://www.crunch.com/locations/carolina,18.38942,-65.99498,Carolina,PR,Crunch
450,https://www.crunch.com/locations/caguas,18.247341,-66.028623,Caguas,PR,Crunch
451,https://www.crunch.com/locations/zapote,9.942993,-84.150274,Curridabat,San José,Crunch
452,https://www.crunch.com/locations/portlandme,43.674286,-70.325104,Portland,ME,Crunch
453,https://www.crunch.com/locations/curridabat,9.36895,-83.7057,Curridabat,San José,Crunch
454,https://www.crunch.com/locations/blaine,45.196049,-93.231567,Blaine,MN,Crunch
455,https://www.crunch.com/locations/maple-grove,45.136231,-93.477508,Maple Grove,MN,Crunch
456,https://www.crunch.com/locations/sioux-falls,43.50891,-96.77283,Sioux Falls,SD,Crunch
457,https://www.crunch.com/locations/st-cloud,45.55508,-94.20967,St Cloud,MN,Crunch
458,https://www.crunch.com/locations/el-paso-zaragoza,31.76455,-106.25803,El Paso,TX,Crunch
459,https://www.crunch.com/locations/el-paso-dyer,31.87266,-106.42738,El Paso,TX,Crunch
460,https://www.crunch.com/locations/las-cruces,32.30099,-106.772469,Las Cruces,NM,Crunch
461,https://www.crunch.com/locations/colorado-springs,38.806343,-104.755259,Colorado Springs,CO,Crunch
462,https://www.crunch.com/locations/north-colorado-springs,38.912185,-104.789647,Colorado Springs,CO,Crunch
463,https://www.crunch.com/locations/abq-san-mateo,35.106543,-106.588664,Albuquerque,NM,Crunch
464,https://www.crunch.com/locations/abq-atrisco,35.084341,-106.685568,Albuquerque,NM,Crunch
465,https://www.crunch.com/locations/fargo,46.8632,-96.86382,Fargo,ND,Crunch
466,https://www.crunch.com/locations/boulder,40.01963,-105.25365,Boulder,CO,Crunch
467,https://www.crunch.com/locations/fort-collins,40.557381,-105.078461,Fort Collins,CO,Crunch
468,https://www.crunch.com/locations/flagstaff,35.195026,-111.633553,Flagstaff,AZ,Crunch
469,https://www.crunch.com/locations/arcadia,33.474679,-111.983792,Phoenix,AZ,Crunch
470,https://www.crunch.com/locations/yuma,32.672909,-114.626404,Yuma,AZ,Crunch
471,https://www.crunch.com/locations/east-henderson,36.038629,-114.996334,Henderson,NV,Crunch
472,https://www.crunch.com/locations/greenvalley,36.036072,-115.098694,Henderson,NV,Crunch
473,https://www.crunch.com/locations/rainbow,36.173026,-115.245725,Las Vegas,NV,Crunch
474,https://www.crunch.com/locations/el-cajon-jamacha,32.78954,-116.93109,El Cajon,CA,Crunch
475,https://www.crunch.com/locations/eastlake,32.654401,-116.95522,Chula Vista,CA,Crunch
476,https://www.crunch.com/locations/university-square,32.751566,-117.067372,San Diego,CA,Crunch
477,https://www.crunch.com/locations/serra-mesa,32.80242,-117.13942,Serra Mesa,CA,Crunch
478,https://www.crunch.com/locations/carmel-valley,32.92837,-117.19872,San Diego,CA,Crunch
479,https://www.crunch.com/locations/vista,33.19757,-117.2459,Vista,CA,Crunch
480,https://www.crunch.com/locations/moreno-valley,33.93789,-117.27131,Moreno Valley,CA,Crunch
481,https://www.crunch.com/locations/hesperia,34.42138,-117.293159,Hesperia,CA,Crunch
482,https://www.crunch.com/locations/oceanside,33.1903661,-117.361504,Oceanside,CA,Crunch
483,https://www.crunch.com/locations/victorville,34.478049,-117.343016,Victorville,CA,Crunch
484,https://www.crunch.com/locations/north-riverside,33.97718,-117.45744,Riverside,CA,Crunch
485,https://www.crunch.com/locations/corona,33.869061,-117.594573,Corona,CA,Crunch
486,https://www.crunch.com/locations/san-clemente,33.45826,-117.65205,San Clemente,CA,Crunch
487,https://www.crunch.com/locations/tustin,33.74567,-117.81845,Tustin,CA,Crunch
488,https://www.crunch.com/locations/san-dimas,34.10729,-117.82058,San Dimas,CA,Crunch
489,https://www.crunch.com/locations/placentia,33.89575,-117.87087,Placentia,CA,Crunch
490,https://www.crunch.com/locations/orange,33.779942,-117.894774,Orange,CA,Crunch
491,https://www.crunch.com/locations/anaheim,33.83772,-117.94142,Anaheim,CA,Crunch
492,https://www.crunch.com/locations/garden-grove,33.80234,-117.961591,Garden Grove,CA,Crunch
493,https://www.crunch.com/locations/fountain-valley,33.69981,-117.97255,Fountain Valley,CA,Crunch
494,https://www.crunch.com/locations/monrovia,34.1381,-118.01281,Monrovia,CA,Crunch
495,https://www.crunch.com/locations/huntington-beach,33.72993,-118.02514,Huntington Beach,CA,Crunch
496,https://www.crunch.com/locations/la-mirada,33.9153934,-118.03005189999999,La Mirada,CA,Crunch
497,https://www.crunch.com/locations/cerritos,33.84678,-118.08039,Cerritos,CA,Crunch
498,https://www.crunch.com/locations/norwalkca,33.88767,-118.08688,Norwalk,CA,Crunch
499,https://www.crunch.com/locations/palmdale,34.579086,-118.088839,Palmdale,CA,Crunch
500,https://www.crunch.com/locations/lakewood,33.86063,-118.12513,Lakewood,CA,Crunch
501,https://www.crunch.com/locations/lancaster,34.671635,-118.148425,Lancaster,CA,Crunch
502,https://www.crunch.com/locations/long-beach,33.836304,-118.188496,Long Beach,CA,Crunch
503,https://www.crunch.com/locations/burbank,34.17344,-118.29879,Burbank,CA,Crunch
504,https://www.crunch.com/locations/west-hollywood,34.09801,-118.36445,Los Angeles,CA,Crunch
505,https://www.crunch.com/locations/boise-state-street,43.654098,-116.256793,Boise,ID,Crunch
506,https://www.crunch.com/locations/boise-black-eagle,43.591468,-116.295235,Boise,ID,Crunch
507,https://www.crunch.com/locations/van-nuys,34.1927744,-118.4491835,Van Nuys,CA,Crunch
508,https://www.crunch.com/locations/santa-clarita,34.41592,-118.46016,Santa Clarita,CA,Crunch
509,https://www.crunch.com/locations/eagle,43.691114,-116.34297,Eagle,ID,Crunch
510,https://www.crunch.com/locations/meridian,43.619858,-116.37682,Meridian,ID,Crunch
511,https://www.crunch.com/locations/northridge,34.25532,-118.53612,Northridge,CA,Crunch
512,https://www.crunch.com/locations/chatsworth,34.23498,-118.58927,Chatsworth,CA,Crunch
513,https://www.crunch.com/locations/west-hills,34.202133,-118.611447,Canoga Park,CA,Crunch
514,https://www.crunch.com/locations/nampa,43.598094,-116.506343,Nampa,ID,Crunch
515,https://www.crunch.com/locations/caldwell,43.661721,-116.640669,Caldwell,ID,Crunch
516,https://www.crunch.com/locations/simi-valley,34.28405,-118.76277,Simi Valley,CA,Crunch
517,https://www.crunch.com/locations/shaw,36.808405,-119.711216,Clovis,CA,Crunch
518,https://www.crunch.com/locations/north-fresno,36.84419,-119.790271,Fresno,CA,Crunch
519,https://www.crunch.com/locations/sparks,39.52955,-119.7196,Sparks,NV,Crunch
520,https://www.crunch.com/locations/reno,39.476662,-119.78321,Reno,NV,Crunch
521,https://www.crunch.com/locations/santa-maria,34.952,-120.4341,Santa Maria,CA,Crunch
522,https://www.crunch.com/locations/merced,37.320132,-120.480239,Merced,CA,Crunch
523,https://www.crunch.com/locations/ceres,37.609838,-120.968842,Ceres,CA,Crunch
524,https://www.crunch.com/locations/folsom,38.67232,-121.15376,Folsom,CA,Crunch
525,https://www.crunch.com/locations/stockton,38.00341,-121.29312,Stockton,CA,Crunch
526,https://www.crunch.com/locations/granite-bay,38.74258,-121.2236,Granite Bay,CA,Crunch
527,https://www.crunch.com/locations/rocklin,38.79816,-121.29255,Rocklin,CA,Crunch
528,https://www.crunch.com/locations/tracy,37.7408,-121.45216,Tracy,CA,Crunch
529,https://www.crunch.com/locations/elk-grove,38.40735,-121.3853,Elk Grove,CA,Crunch
530,https://www.crunch.com/locations/gilroy,37.000353,-121.560848,Gilroy,CA,Crunch
531,https://www.crunch.com/locations/marketsquare,38.5987,-121.42491,Sacramento,CA,Crunch
532,https://www.crunch.com/locations/watsonville,36.938683,-121.776216,Watsonville,CA,Crunch
533,https://www.crunch.com/locations/san-jose,37.37106,-121.84661,San Jose,CA,Crunch
534,https://www.crunch.com/locations/winchester,37.30055,-121.95123,San Jose,CA,Crunch
535,https://www.crunch.com/locations/sunnyvale,37.339295,-122.042637,Sunnyvale,CA,Crunch
536,https://www.crunch.com/locations/walnut-creek,37.9264467,-122.0173392,Walnut Creek,CA,Crunch
537,https://www.crunch.com/locations/san-lorenzo,37.68617,-122.11962,San Lorenzo,CA,Crunch
538,https://www.crunch.com/locations/fairfield,38.259864,-122.068777,Fairfield,CA,Crunch
539,https://www.crunch.com/locations/alameda,37.75762,-122.2509,Alameda,CA,Crunch
540,https://www.crunch.com/locations/san-mateo,37.5454,-122.29023,San Mateo,CA,Crunch
541,https://www.crunch.com/locations/yerba-buena,37.78318,-122.39908,San Francisco,CA,Crunch
542,https://www.crunch.com/locations/polk-st,37.79827,-122.42213,San Francisco,CA,Crunch
543,https://www.crunch.com/locations/union-street,37.797857,-122.432632,San Francisco,CA,Crunch
544,https://www.crunch.com/locations/chestnut,37.800406,-122.4443,San Francisco,CA,Crunch
545,https://www.crunch.com/locations/daly-city,37.67224,-122.472244,Daly City,CA,Crunch
546,https://www.crunch.com/locations/san-rafael,37.959372,-122.508574,San Rafael,CA,Crunch
547,https://www.crunch.com/locations/redding,40.59652,-122.366453,Redding,CA,Crunch
548,https://www.crunch.com/locations/santa-rosa,38.45552,-122.732031,Santa Rosa,CA,Crunch
549,https://www.crunch.com/locations/medford,42.33872,-122.87181,Medford,OR,Crunch
550,https://www.crunch.com/locations/division,45.5041,-122.53863,Portland,OR,Crunch
551,https://www.crunch.com/locations/eugene,44.0739,-123.04529,Eugene-Springfield,OR,Crunch
552,https://www.crunch.com/locations/vancouver-plaza,45.648807,-122.595595,Vancouver,WA,Crunch
553,https://www.crunch.com/locations/beaverton,45.4565,-122.78626,Beaverton,OR,Crunch
554,https://www.crunch.com/locations/aloha,45.48188,-122.86017,Aloha,OR,Crunch
555,https://www.crunch.com/locations/lakewood-wa,47.16547569999999,-122.51902519999999,Lakewood,WA,Crunch
556,https://www.crunch.com/locations/tacoma,47.25704,-122.50898,Tacoma,WA,Crunch
557,https://www.crunch.com/locations/silverdale,47.65706,-122.67832,Silverdale,WA,Crunch
558,https://www.crunch.com/locations/naperville,41.77,88.16,Naperville,IL,Crunch
559,https://www.crunch.com/locations/madera,36.9756,120.0727,Madera,CA,Crunch
560,https://www.anytimefitness.com/locations/edgerton-wisconsin-3635,42.83427,-89.07137,Edgerton,Wisconsin,Anytime Fitness
561,https://www.anytimefitness.com/locations/jefferson-wisconsin-3435,43.00427,-88.78818,Jefferson,Wisconsin,Anytime Fitness
562,https://www.anytimefitness.com/locations/san-antonio-texas-2221,29.46936,-98.49123,San Antonio,Texas,Anytime Fitness
563,https://www.anytimefitness.com/locations/hanover-minnesota-3238,45.15834,-93.66631,Hanover,Minnesota,Anytime Fitness
564,https://www.anytimefitness.com/locations/mattawan-michigan-3049,42.21502,-85.78555,Mattawan,Michigan,Anytime Fitness
565,https://www.anytimefitness.com/locations/new-paltz-new-york-5219,41.747217,-74.08794,New Paltz,New York,Anytime Fitness
566,https://www.anytimefitness.com/locations/atlanta-texas-2209,33.11438,-94.18164,Atlanta,Texas,Anytime Fitness
567,https://www.anytimefitness.com/locations/gilmer-texas-2278,32.74648,-94.94043,Gilmer,Texas,Anytime Fitness
568,https://www.anytimefitness.com/locations/west-monroe-louisiana-328,32.51601,-92.19606,West Monroe,Louisiana,Anytime Fitness
569,https://www.anytimefitness.com/locations/bonner-springs-kansas-3903,39.08618,-94.8839,Bonner Springs,Kansas,Anytime Fitness
570,https://www.anytimefitness.com/locations/elmwood-park-new-jersey-4817,40.898666,-74.112352,Elmwood Park,New Jersey,Anytime Fitness
571,https://www.anytimefitness.com/locations/newton-iowa-475,41.6991,-93.03175,Newton,Iowa,Anytime Fitness
572,https://www.anytimefitness.com/locations/lawton-oklahoma-2366,34.60923,-98.36048,Lawton,Oklahoma,Anytime Fitness
573,https://www.anytimefitness.com/locations/bel-air-maryland-2416,39.49461,-76.32635,Bel Air,Maryland,Anytime Fitness
574,https://www.anytimefitness.com/locations/jackson-michigan-3738,42.23832,-84.3438,Jackson,Michigan,Anytime Fitness
575,https://www.anytimefitness.com/locations/wimberley-texas-2370,30.00056,-98.10091,Wimberley,Texas,Anytime Fitness
576,https://www.anytimefitness.com/locations/alexandria-virginia-1123,38.76553,-77.15289,Alexandria,Virginia,Anytime Fitness
577,https://www.anytimefitness.com/locations/imlay-city-michigan-2954,43.01115,-83.06992,Imlay City,Michigan,Anytime Fitness
578,https://www.anytimefitness.com/locations/star-idaho-924,43.68487,-116.49346,Star,Idaho,Anytime Fitness
579,https://www.anytimefitness.com/locations/phoenix-arizona-4145,33.49429,-112.01364,Phoenix,Arizona,Anytime Fitness
580,https://www.anytimefitness.com/locations/crookston-minnesota-972,47.7939,-96.61037,Crookston,Minnesota,Anytime Fitness
581,https://www.anytimefitness.com/locations/blandon-pennsylvania-3094,40.444,-75.86153,Blandon,Pennsylvania,Anytime Fitness
582,https://www.anytimefitness.com/locations/streamwood-illinois-4859,42.01267,-88.18074,Streamwood,Illinois,Anytime Fitness
583,https://www.anytimefitness.com/locations/bluffton-indiana-3133,40.75279,-85.16637,Bluffton,Indiana,Anytime Fitness
584,https://www.anytimefitness.com/locations/bedford-indiana-2690,38.86209,-86.5095,Bedford,Indiana,Anytime Fitness
585,https://www.anytimefitness.com/locations/madison-alabama-141,34.75276,-86.71518,Madison,Alabama,Anytime Fitness
586,https://www.anytimefitness.com/locations/shelley-idaho-906,43.39074,-112.11839,Shelley,Idaho,Anytime Fitness
587,https://www.anytimefitness.com/locations/highland-utah-1202,40.433813,-111.785386,Highland,Utah,Anytime Fitness
588,https://www.anytimefitness.com/locations/stansbury-park-utah-999,40.62969,-112.29229,Stansbury Park,Utah,Anytime Fitness
589,https://www.anytimefitness.com/locations/henderson-nevada-1370,35.99609,-115.1238,Henderson,Nevada,Anytime Fitness
590,https://www.anytimefitness.com/locations/wiggins-mississippi-1245,30.84564,-89.141701,Wiggins,Mississippi,Anytime Fitness
591,https://www.anytimefitness.com/locations/brighton-colorado-3659,39.98346,-104.824,Brighton,Colorado,Anytime Fitness
592,https://www.anytimefitness.com/locations/adel-iowa-608,41.615587,-94.014676,Adel,Iowa,Anytime Fitness
593,https://www.anytimefitness.com/locations/pensacola-florida-3202,30.5317509,-87.2735903,Pensacola,Florida,Anytime Fitness
594,https://www.anytimefitness.com/locations/clinton-massachusetts-195,42.4203,-71.6846,Clinton,Massachusetts,Anytime Fitness
595,https://www.anytimefitness.com/locations/windsor-virginia-3822,36.80493,-76.72763,Windsor,Virginia,Anytime Fitness
596,https://www.anytimefitness.com/locations/lapeer-michigan-2259,43.04314,-83.32308,Lapeer,Michigan,Anytime Fitness
597,https://www.anytimefitness.com/locations/davenport-florida-5473,28.172764,-81.63738,Davenport,Florida,Anytime Fitness
598,https://www.anytimefitness.com/locations/pace-florida-5068,30.631758,-87.18226,Pace,Florida,Anytime Fitness
599,https://www.anytimefitness.com/locations/tarzana-california-1801,34.17309,-118.55247,Tarzana,California,Anytime Fitness
600,https://www.anytimefitness.com/locations/roscoe-illinois-1205,42.42693,-89.00627,Roscoe,Illinois,Anytime Fitness
601,https://www.anytimefitness.com/locations/st.-rose-louisiana-3323,29.962222,-90.303805,St. Rose,Louisiana,Anytime Fitness
602,https://www.anytimefitness.com/locations/st.-paul-minnesota-467,44.950638,-93.028532,St. Paul,Minnesota,Anytime Fitness
603,https://www.anytimefitness.com/locations/sparks-nevada-2208,39.56082,-119.70499,Sparks,Nevada,Anytime Fitness
604,https://www.anytimefitness.com/locations/sutton-massachusetts-5307,42.169753,-71.750181,Sutton,Massachusetts,Anytime Fitness
605,https://www.anytimefitness.com/locations/wilmington-delaware-1383,39.80546,-75.50575,Wilmington,Delaware,Anytime Fitness
606,https://www.anytimefitness.com/locations/colorado-springs-colorado-4280,38.93289,-104.74059,Colorado Springs,Colorado,Anytime Fitness
607,https://www.anytimefitness.com/locations/windermere-florida-3016,28.44546,-81.56122,Windermere,Florida,Anytime Fitness
608,https://www.anytimefitness.com/locations/parrish-florida-1923,27.5423,-82.47922,Parrish,Florida,Anytime Fitness
609,https://www.anytimefitness.com/locations/fallbrook-california-3391,33.37587,-117.25284,Fallbrook,California,Anytime Fitness
610,https://www.anytimefitness.com/locations/freeport-illinois-2225,42.27464,-89.63424,Freeport,Illinois,Anytime Fitness
611,https://www.anytimefitness.com/locations/sauk-rapids-minnesota-1534,45.59169,-94.16829,Sauk Rapids,Minnesota,Anytime Fitness
612,https://www.anytimefitness.com/locations/phoenix-arizona-92,33.30581,-112.05308,Phoenix,Arizona,Anytime Fitness
613,https://www.anytimefitness.com/locations/windsor-connecticut-3387,41.89139,-72.65102,Windsor,Connecticut,Anytime Fitness
614,https://www.anytimefitness.com/locations/medway-massachusetts-1941,42.15109,-71.415329,Medway,Massachusetts,Anytime Fitness
615,https://www.anytimefitness.com/locations/greenwood-arkansas-4423,35.22267,-94.29769,Greenwood,Arkansas,Anytime Fitness
616,https://www.anytimefitness.com/locations/reno-nevada-3512,39.62764,-119.91782,Reno,Nevada,Anytime Fitness
617,https://www.anytimefitness.com/locations/fountain-hills-arizona-120,33.60979,-111.7253,Fountain Hills,Arizona,Anytime Fitness
618,https://www.anytimefitness.com/locations/sedalia-missouri-3810,38.70874,-93.22891,Sedalia,Missouri,Anytime Fitness
619,https://www.anytimefitness.com/locations/tucson-arizona-440,32.374235,-111.12497,Tucson,Arizona,Anytime Fitness
620,https://www.anytimefitness.com/locations/dartmouth-massachusetts-3377,41.635932,-70.959656,Dartmouth,Massachusetts,Anytime Fitness
621,https://www.anytimefitness.com/locations/avon-indiana-1220,39.77941,-86.40087,Avon,Indiana,Anytime Fitness
622,https://www.anytimefitness.com/locations/little-elm-texas-3271,33.170716,-96.889901,Little Elm,Texas,Anytime Fitness
623,https://www.anytimefitness.com/locations/west-monroe-louisiana-420,32.5233,-92.14801,West Monroe,Louisiana,Anytime Fitness
624,https://www.anytimefitness.com/locations/santa-monica-california-4947,34.01573,-118.494167,Santa Monica,California,Anytime Fitness
625,https://www.anytimefitness.com/locations/lake-bluff-illinois-4828,42.279025,-87.875763,Lake Bluff,Illinois,Anytime Fitness
626,https://www.anytimefitness.com/locations/zephyr-cove-nevada-2378,38.98483,-119.94262,Zephyr Cove,Nevada,Anytime Fitness
627,https://www.anytimefitness.com/locations/leander-texas-493,30.5402,-97.84875,Leander,Texas,Anytime Fitness
628,https://www.anytimefitness.com/locations/waupun-wisconsin-867,43.63379,-88.75308,Waupun,Wisconsin,Anytime Fitness
629,https://www.anytimefitness.com/locations/appleton-wisconsin-736,44.27438,-88.47668,Appleton,Wisconsin,Anytime Fitness
630,https://www.anytimefitness.com/locations/sussex-wisconsin-2714,43.13446,-88.23096,Sussex,Wisconsin,Anytime Fitness
631,https://www.anytimefitness.com/locations/duarte-california-3776,34.14038,-117.95688,Duarte,California,Anytime Fitness
632,https://www.anytimefitness.com/locations/eagle-mountain-utah-5627,40.325348,-112.031279,Eagle Mountain,Utah,Anytime Fitness
633,https://www.anytimefitness.com/locations/la-porte-indiana-3310,41.614747,-86.726795,La Porte,Indiana,Anytime Fitness
634,https://www.anytimefitness.com/locations/nashville-tennessee-3262,36.17025,-86.68453,Nashville,Tennessee,Anytime Fitness
635,https://www.anytimefitness.com/locations/rockford-illinois-64,42.28581,-89.02714,Rockford,Illinois,Anytime Fitness
636,https://www.anytimefitness.com/locations/dallas-texas-2803,33.00032,-96.79398,Dallas,Texas,Anytime Fitness
637,https://www.anytimefitness.com/locations/winter-garden-florida-4624,28.552502,-81.593784,Winter Garden,Florida,Anytime Fitness
638,https://www.anytimefitness.com/locations/el-paso-texas-3431,31.88555,-106.57076,El Paso,Texas,Anytime Fitness
639,https://www.anytimefitness.com/locations/hermosa-beach-california-2373,33.85714,-118.39066,Hermosa Beach,California,Anytime Fitness
640,https://www.anytimefitness.com/locations/belmont-north-carolina-4915,35.222721,-81.035614,Belmont,North Carolina,Anytime Fitness
641,https://www.anytimefitness.com/locations/sagamore-hills-ohio-1456,41.31501,-81.55367,Sagamore Hills,Ohio,Anytime Fitness
642,https://www.anytimefitness.com/locations/breaux-bridge-louisiana-2357,30.290791,-91.911103,Breaux Bridge,Louisiana,Anytime Fitness
643,https://www.anytimefitness.com/locations/cary-north-carolina-4784,35.763999,-78.781921,Cary,North Carolina,Anytime Fitness
644,https://www.anytimefitness.com/locations/mckinney-texas-4588,33.188547,-96.7512953,McKinney,Texas,Anytime Fitness
645,https://www.anytimefitness.com/locations/pleasant-hill-missouri-2857,38.812161,-94.264212,Pleasant Hill,Missouri,Anytime Fitness
646,https://www.anytimefitness.com/locations/hilton-head-island-south-carolina-5506,32.209856,-80.725747,Hilton Head Island,South Carolina,Anytime Fitness
647,https://www.anytimefitness.com/locations/high-springs-florida-5381,29.90473,-82.609925,High Springs,Florida,Anytime Fitness
648,https://www.anytimefitness.com/locations/newark-delaware-2794,39.67663,-75.76235,Newark,Delaware,Anytime Fitness
649,https://www.anytimefitness.com/locations/weatherford-texas-2433,32.74675,-97.79822,Weatherford,Texas,Anytime Fitness
650,https://www.anytimefitness.com/locations/mint-hill-north-carolina-4028,35.18117,-80.64487,Mint Hill,North Carolina,Anytime Fitness
651,https://www.anytimefitness.com/locations/wabasha-minnesota-1313,44.37933,-92.02908,Wabasha,Minnesota,Anytime Fitness
652,https://www.anytimefitness.com/locations/warren-pennsylvania-4881,41.84213125,-79.1443766,Warren,Pennsylvania,Anytime Fitness
653,https://www.anytimefitness.com/locations/colleyville-texas-1485,32.90454,-97.18606,Colleyville,Texas,Anytime Fitness
654,https://www.anytimefitness.com/locations/santa-fe-texas-2302,29.38165,-95.11103,Santa Fe,Texas,Anytime Fitness
655,https://www.anytimefitness.com/locations/elkhorn-nebraska-4443,41.29232,-96.23233,Elkhorn,Nebraska,Anytime Fitness
656,https://www.anytimefitness.com/locations/milwaukee-wisconsin-804,43.058877,-87.886541,Milwaukee,Wisconsin,Anytime Fitness
657,https://www.anytimefitness.com/locations/farmington-hills-michigan-2970,42.49925,-83.41977,Farmington Hills,Michigan,Anytime Fitness
658,https://www.anytimefitness.com/locations/cape-coral-florida-1517,26.609,-82.02582,Cape Coral,Florida,Anytime Fitness
659,https://www.anytimefitness.com/locations/melbourne-florida-3808,28.12651,-80.67374,Melbourne,Florida,Anytime Fitness
660,https://www.anytimefitness.com/locations/madison-tennessee-5380,36.2937,-86.6997,Madison,Tennessee,Anytime Fitness
661,https://www.anytimefitness.com/locations/murfreesboro-tennessee-1744,35.81308,-86.4446,Murfreesboro,Tennessee,Anytime Fitness
662,https://www.anytimefitness.com/locations/orinda-california-4625,37.878602,-122.1821409,Orinda,California,Anytime Fitness
663,https://www.anytimefitness.com/locations/stevens-point-wisconsin-2175,44.532651,-89.575617,Stevens Point,Wisconsin,Anytime Fitness
664,https://www.anytimefitness.com/locations/omaha-nebraska-2539,41.25283,-95.93008,Omaha,Nebraska,Anytime Fitness
665,https://www.anytimefitness.com/locations/elk-grove-california-4564,38.406006,-121.37189,Elk Grove,California,Anytime Fitness
666,https://www.anytimefitness.com/locations/cocoa-florida-3148,28.39687,-80.76603,Cocoa,Florida,Anytime Fitness
667,https://www.anytimefitness.com/locations/huffman-texas-3897,30.02048,-95.10376,Huffman,Texas,Anytime Fitness
668,https://www.anytimefitness.com/locations/eagan-minnesota-2563,44.80372,-93.13869,Eagan,Minnesota,Anytime Fitness
669,https://www.anytimefitness.com/locations/morrilton-arkansas-4173,35.17093,-92.71853,Morrilton,Arkansas,Anytime Fitness
670,https://www.anytimefitness.com/locations/stevensville-michigan-1836,42.015799,-86.491995,Stevensville,Michigan,Anytime Fitness
671,https://www.anytimefitness.com/locations/elyria-ohio-2820,41.34656,-82.06583,Elyria,Ohio,Anytime Fitness
672,https://www.anytimefitness.com/locations/dexter-michigan-5004,42.326499,-83.869582,Dexter,Michigan,Anytime Fitness
673,https://www.anytimefitness.com/locations/macclenny-florida-1247,30.2713,-82.12282,MacClenny,Florida,Anytime Fitness
674,https://www.anytimefitness.com/locations/crowley-louisiana-1921,30.22439,-92.37837,Crowley,Louisiana,Anytime Fitness
675,https://www.anytimefitness.com/locations/asheville-north-carolina-3299,35.50148,-82.52424,Asheville,North Carolina,Anytime Fitness
676,https://www.anytimefitness.com/locations/columbus-wisconsin-3507,43.346869,-89.029607,Columbus,Wisconsin,Anytime Fitness
677,https://www.anytimefitness.com/locations/chicago-illinois-3918,41.91047,-87.68794,Chicago,Illinois,Anytime Fitness
678,https://www.anytimefitness.com/locations/bloomington-minnesota-3756,44.84854,-93.288,Bloomington,Minnesota,Anytime Fitness
679,https://www.anytimefitness.com/locations/simpson-montana-99939993,48.9286694966,-110.2152515253,Simpson,Montana,Anytime Fitness
680,https://www.anytimefitness.com/locations/clover-south-carolina-5342,35.110116,-81.228804,Clover,South Carolina,Anytime Fitness
681,https://www.anytimefitness.com/locations/rensselaer-indiana-3616,40.92889,-87.15748,Rensselaer,Indiana,Anytime Fitness
682,https://www.anytimefitness.com/locations/south-portland-maine-3549,43.637158,-70.254911,South Portland,Maine,Anytime Fitness
683,https://www.anytimefitness.com/locations/lockhart-texas-4163,29.86361,-97.66744,Lockhart,Texas,Anytime Fitness
684,https://www.anytimefitness.com/locations/naperville-illinois-2619,41.74833,-88.17037,Naperville,Illinois,Anytime Fitness
685,https://www.anytimefitness.com/locations/greenville-texas-2696,33.12609,-96.129238,Greenville,Texas,Anytime Fitness
686,https://www.anytimefitness.com/locations/pittsburgh-pennsylvania-3499,40.42722,-80.05587,Pittsburgh,Pennsylvania,Anytime Fitness
687,https://www.anytimefitness.com/locations/jennings-louisiana-1807,30.23199,-92.66208,Jennings,Louisiana,Anytime Fitness
688,https://www.anytimefitness.com/locations/camarillo-california-3782,34.22844,-118.99869,Camarillo,California,Anytime Fitness
689,https://www.anytimefitness.com/locations/phoenixville-pennsylvania-3518,40.13522,-75.45123,Phoenixville,Pennsylvania,Anytime Fitness
690,https://www.anytimefitness.com/locations/fort-wayne-indiana-3932,41.06103,-85.21871,Fort Wayne,Indiana,Anytime Fitness
691,https://www.anytimefitness.com/locations/arden-hills-minnesota-889,45.051819,-93.14831,Arden Hills,Minnesota,Anytime Fitness
692,https://www.anytimefitness.com/locations/moultrie-georgia-2628,31.179124,-83.778964,Moultrie,Georgia,Anytime Fitness
693,https://www.anytimefitness.com/locations/ontonagon-michigan-5289,46.872033,-89.316539,Ontonagon,Michigan,Anytime Fitness
694,https://www.anytimefitness.com/locations/jasper-georgia-4219,34.47446,-84.45987,Jasper,Georgia,Anytime Fitness
695,https://www.anytimefitness.com/locations/somers-connecticut-1138,41.979982,-72.444855,Somers,Connecticut,Anytime Fitness
696,https://www.anytimefitness.com/locations/jackson-mississippi-1349,32.36374,-90.14944,Jackson,Mississippi,Anytime Fitness
697,https://www.anytimefitness.com/locations/marysville-michigan-3075,42.91239,-82.49688,Marysville,Michigan,Anytime Fitness
698,https://www.anytimefitness.com/locations/forest-lake-minnesota-36,45.26474,-92.98544,Forest Lake,Minnesota,Anytime Fitness
699,https://www.anytimefitness.com/locations/fort-myers-florida-3905,26.59874,-81.81184,Fort Myers,Florida,Anytime Fitness
700,https://www.anytimefitness.com/locations/scottsbluff-nebraska-3938,41.86341,-103.66293,Scottsbluff,Nebraska,Anytime Fitness
701,https://www.anytimefitness.com/locations/graham-texas-2711,33.09562,-98.59037,Graham,Texas,Anytime Fitness
702,https://www.anytimefitness.com/locations/austin-texas-2792,30.19326,-97.92502,Austin,Texas,Anytime Fitness
703,https://www.anytimefitness.com/locations/portage-wisconsin-2312,43.56538,-89.47136,Portage,Wisconsin,Anytime Fitness
704,https://www.anytimefitness.com/locations/justin-texas-4054,33.08638,-97.29611,Justin,Texas,Anytime Fitness
705,https://www.anytimefitness.com/locations/thurmont-maryland-1425,39.61622,-77.41685,Thurmont,Maryland,Anytime Fitness
706,https://www.anytimefitness.com/locations/lakeland-georgia-3149,31.03566,-83.072593,Lakeland,Georgia,Anytime Fitness
707,https://www.anytimefitness.com/locations/saginaw-texas-2533,32.87609,-97.37844,Saginaw,Texas,Anytime Fitness
708,https://www.anytimefitness.com/locations/martinsville-indiana-2674,39.415746,-86.405807,Martinsville,Indiana,Anytime Fitness
709,https://www.anytimefitness.com/locations/alvin-texas-1934,29.39957,-95.24992,Alvin,Texas,Anytime Fitness
710,https://www.anytimefitness.com/locations/madison-wisconsin-2425,43.0547,-89.4503,Madison,Wisconsin,Anytime Fitness
711,https://www.anytimefitness.com/locations/fort-smith-arkansas-3656,35.322026,-94.342902,Fort Smith,Arkansas,Anytime Fitness
712,https://www.anytimefitness.com/locations/dodge-city-kansas-1671,37.77311,-100.01693,Dodge City,Kansas,Anytime Fitness
713,https://www.anytimefitness.com/locations/blaine-washington-2130,48.93575,-122.66544,Blaine,Washington,Anytime Fitness
714,https://www.anytimefitness.com/locations/white-bear-lake-minnesota-2895,45.051344,-92.987196,White Bear Lake,Minnesota,Anytime Fitness
715,https://www.anytimefitness.com/locations/st.-peter-minnesota-298,44.348831,-93.95378,St. Peter,Minnesota,Anytime Fitness
716,https://www.anytimefitness.com/locations/brodheadsville-pennsylvania-3747,40.917154,-75.423742,Brodheadsville,Pennsylvania,Anytime Fitness
717,https://www.anytimefitness.com/locations/churubusco-indiana-2101,41.23977,-85.32798,Churubusco,Indiana,Anytime Fitness
718,https://www.anytimefitness.com/locations/moscow-idaho-916,46.73828,-117.00094,Moscow,Idaho,Anytime Fitness
719,https://www.anytimefitness.com/locations/elgin-texas-2808,30.34753,-97.38474,Elgin,Texas,Anytime Fitness
720,https://www.anytimefitness.com/locations/hagerstown-maryland-4722,39.672552,-77.698068,Hagerstown,Maryland,Anytime Fitness
721,https://www.anytimefitness.com/locations/mountain-home-arkansas-2559,36.35698,-92.3383,Mountain Home,Arkansas,Anytime Fitness
722,https://www.anytimefitness.com/locations/covington-louisiana-33,30.47921,-90.09251,Covington,Louisiana,Anytime Fitness
723,https://www.anytimefitness.com/locations/bartow-florida-4138,27.9028,-81.84278,Bartow,Florida,Anytime Fitness
724,https://www.anytimefitness.com/locations/san-antonio-texas-2301,29.66422,-98.63269,San Antonio,Texas,Anytime Fitness
725,https://www.anytimefitness.com/locations/ottumwa-iowa-1043,41.01229,-92.43735,Ottumwa,Iowa,Anytime Fitness
726,https://www.anytimefitness.com/locations/slidell-louisiana-4842,30.298597,-89.75857,Slidell,Louisiana,Anytime Fitness
727,https://www.anytimefitness.com/locations/cleveland-tennessee-4520,35.17904,-84.86524,Cleveland,Tennessee,Anytime Fitness
728,https://www.anytimefitness.com/locations/little-falls-minnesota-275,45.97671,-94.33822,Little Falls,Minnesota,Anytime Fitness
729,https://www.anytimefitness.com/locations/brandon-mississippi-325,32.2738,-90.0357,Brandon,Mississippi,Anytime Fitness
730,https://www.anytimefitness.com/locations/valencia-pennsylvania-4929,40.701037,-79.934524,Valencia,Pennsylvania,Anytime Fitness
731,https://www.anytimefitness.com/locations/sand-springs-oklahoma-22,36.10772,-96.11948,Sand Springs,Oklahoma,Anytime Fitness
732,https://www.anytimefitness.com/locations/savage-minnesota-1591,44.7458,-93.35001,Savage,Minnesota,Anytime Fitness
733,https://www.anytimefitness.com/locations/minneapolis-minnesota-172,44.90602,-93.28773,Minneapolis,Minnesota,Anytime Fitness
734,https://www.anytimefitness.com/locations/winona-minnesota-139,44.03494,-91.61782,Winona,Minnesota,Anytime Fitness
735,https://www.anytimefitness.com/locations/tooele-utah-908,40.535,-112.29949,Tooele,Utah,Anytime Fitness
736,https://www.anytimefitness.com/locations/harrisonville-missouri-3994,38.668779,-94.36609,Harrisonville,Missouri,Anytime Fitness
737,https://www.anytimefitness.com/locations/hobe-sound-florida-3457,27.06038,-80.13892,Hobe Sound,Florida,Anytime Fitness
738,https://www.anytimefitness.com/locations/payson-utah-3891,40.03223,-111.73568,Payson,Utah,Anytime Fitness
739,https://www.anytimefitness.com/locations/goshen-indiana-2102,41.58599,-85.84627,Goshen,Indiana,Anytime Fitness
740,https://www.anytimefitness.com/locations/canton-connecticut-4156,41.828989,-72.902207,Canton,Connecticut,Anytime Fitness
741,https://www.anytimefitness.com/locations/callaway-florida-4580,30.163728,-85.59038,Callaway,Florida,Anytime Fitness
742,https://www.anytimefitness.com/locations/reno-nevada-462,39.52697,-119.88661,Reno,Nevada,Anytime Fitness
743,https://www.anytimefitness.com/locations/el-paso-texas-3370,31.78764,-106.50564,El Paso,Texas,Anytime Fitness
744,https://www.anytimefitness.com/locations/easton-massachusetts-5179,42.0878290291,-71.0943351245,Easton,Massachusetts,Anytime Fitness
745,https://www.anytimefitness.com/locations/southampton-massachusetts-5159,42.25203,-72.697976,Southampton,Massachusetts,Anytime Fitness
746,https://www.anytimefitness.com/locations/leesport-pennsylvania-5014,40.444228,-75.953511,Leesport,Pennsylvania,Anytime Fitness
747,https://www.anytimefitness.com/locations/st.-john-indiana-3320,41.422187,-87.447325,St. John,Indiana,Anytime Fitness
748,https://www.anytimefitness.com/locations/fraser-michigan-518,42.53096,-82.94911,Fraser,Michigan,Anytime Fitness
749,https://www.anytimefitness.com/locations/cleveland-ohio-1448,41.4629,-81.80242,Cleveland,Ohio,Anytime Fitness
750,https://www.anytimefitness.com/locations/canyon-lake-texas-435,29.85089,-98.16864,Canyon Lake,Texas,Anytime Fitness
751,https://www.anytimefitness.com/locations/elburn-illinois-5391,41.9043,-88.4713,Elburn,Illinois,Anytime Fitness
752,https://www.anytimefitness.com/locations/tucson-arizona-4671,32.252966,-111.014133,Tucson,Arizona,Anytime Fitness
753,https://www.anytimefitness.com/locations/oregon-wisconsin-866,42.93917,-89.3859,Oregon,Wisconsin,Anytime Fitness
754,https://www.anytimefitness.com/locations/tarpon-springs-florida-1231,28.142916,-82.756788,Tarpon Springs,Florida,Anytime Fitness
755,https://www.anytimefitness.com/locations/johnston-rhode-island-2869,41.82934,-71.49933,Johnston,Rhode Island,Anytime Fitness
756,https://www.anytimefitness.com/locations/marshall-michigan-5352,42.271,-84.9755,Marshall,Michigan,Anytime Fitness
757,https://www.anytimefitness.com/locations/park-rapids-minnesota-1028,46.92092,-95.05479,Park Rapids,Minnesota,Anytime Fitness
758,https://www.anytimefitness.com/locations/chicago-illinois-3812,41.99824,-87.66489,Chicago,Illinois,Anytime Fitness
759,https://www.anytimefitness.com/locations/tilton-illinois-3230,40.09575,-87.63684,Tilton,Illinois,Anytime Fitness
760,https://www.anytimefitness.com/locations/redlands-california-2687,34.05985,-117.18216,Redlands,California,Anytime Fitness
761,https://www.anytimefitness.com/locations/baton-rouge-louisiana-314,30.40902,-91.02522,Baton Rouge,Louisiana,Anytime Fitness
762,https://www.anytimefitness.com/locations/ashland-oregon-1561,42.184436,-122.688795,Ashland,Oregon,Anytime Fitness
763,https://www.anytimefitness.com/locations/spokane-washington-505,47.71646,-117.4382,Spokane,Washington,Anytime Fitness
764,https://www.anytimefitness.com/locations/kaplan-louisiana-4339,29.998238,-92.287228,Kaplan,Louisiana,Anytime Fitness
765,https://www.anytimefitness.com/locations/lake-placid-florida-3447,27.2993,-81.35698,Lake Placid,Florida,Anytime Fitness
766,https://www.anytimefitness.com/locations/bossier-city-louisiana-1437,32.61103,-93.71345,Bossier City,Louisiana,Anytime Fitness
767,https://www.anytimefitness.com/locations/brunswick-ohio-1173,41.23671,-81.81981,Brunswick,Ohio,Anytime Fitness
768,https://www.anytimefitness.com/locations/west-st.-paul-minnesota-251,44.90929,-93.08175,West St. Paul,Minnesota,Anytime Fitness
769,https://www.anytimefitness.com/locations/st.-francis-minnesota-50,45.39048,-93.36861,St. Francis,Minnesota,Anytime Fitness
770,https://www.anytimefitness.com/locations/bennett-colorado-5382,39.753728,-104.434786,Bennett,Colorado,Anytime Fitness
771,https://www.anytimefitness.com/locations/new-richmond-ohio-5134,38.965943,-84.28534,New Richmond,Ohio,Anytime Fitness
772,https://www.anytimefitness.com/locations/brooksville-florida-4644,28.52176,-82.22828,Brooksville,Florida,Anytime Fitness
773,https://www.anytimefitness.com/locations/king-george-virginia-4647,38.35244,-77.05456,King George,Virginia,Anytime Fitness
774,https://www.anytimefitness.com/locations/tempe-arizona-4109,33.4538004,-111.927198,Tempe,Arizona,Anytime Fitness
775,https://www.anytimefitness.com/locations/glendora-california-5310,34.128083,-117.878164,Glendora,California,Anytime Fitness
776,https://www.anytimefitness.com/locations/st.-petersburg-florida-1639,27.86758,-82.62289,St. Petersburg,Florida,Anytime Fitness
777,https://www.anytimefitness.com/locations/plattsmouth-nebraska-2948,41.00351,-95.90667,Plattsmouth,Nebraska,Anytime Fitness
778,https://www.anytimefitness.com/locations/rayne-louisiana-3007,30.24977,-92.27052,Rayne,Louisiana,Anytime Fitness
779,https://www.anytimefitness.com/locations/clarksville-tennessee-3445,36.62498,-87.32214,Clarksville,Tennessee,Anytime Fitness
780,https://www.anytimefitness.com/locations/suwanee-georgia-3742,34.039391,-84.044121,Suwanee,Georgia,Anytime Fitness
781,https://www.anytimefitness.com/locations/temple-terrace-florida-2182,28.03382,-82.39293,Temple Terrace,Florida,Anytime Fitness
782,https://www.anytimefitness.com/locations/devens-massachusetts-713,42.54,-71.61411,Devens,Massachusetts,Anytime Fitness
783,https://www.anytimefitness.com/locations/carrollton-texas-1339,33.01207,-96.91228,Carrollton,Texas,Anytime Fitness
784,https://www.anytimefitness.com/locations/bulverde-texas-431,29.79868,-98.40315,Bulverde,Texas,Anytime Fitness
785,https://www.anytimefitness.com/locations/westfield-massachusetts-2573,42.11214,-72.72399,Westfield,Massachusetts,Anytime Fitness
786,https://www.anytimefitness.com/locations/santa-rosa-california-1991,38.46308,-122.64384,Santa Rosa,California,Anytime Fitness
787,https://www.anytimefitness.com/locations/gonzales-louisiana-1347,30.20147,-90.91973,Gonzales,Louisiana,Anytime Fitness
788,https://www.anytimefitness.com/locations/pilot-point-texas-3358,33.38998,-96.95213,Pilot Point,Texas,Anytime Fitness
789,https://www.anytimefitness.com/locations/rosemount-minnesota-2305,44.732413,-93.119401,Rosemount,Minnesota,Anytime Fitness
790,https://www.anytimefitness.com/locations/orlando-florida-4287,28.36686,-81.36526,Orlando,Florida,Anytime Fitness
791,https://www.anytimefitness.com/locations/thorndale-pennsylvania-4562,39.99493,-75.75762,Thorndale,Pennsylvania,Anytime Fitness
792,https://www.anytimefitness.com/locations/kirksville-missouri-2576,40.21226,-92.58088,Kirksville,Missouri,Anytime Fitness
793,https://www.anytimefitness.com/locations/medford-new-jersey-5214,39.869672,-74.84826,Medford,New Jersey,Anytime Fitness
794,https://www.anytimefitness.com/locations/rockford-illinois-3185,42.23893,-89.00387,Rockford,Illinois,Anytime Fitness
795,https://www.anytimefitness.com/locations/ennis-texas-3577,32.32745,-96.62836,Ennis,Texas,Anytime Fitness
796,https://www.anytimefitness.com/locations/covington-louisiana-773,30.45175,-90.17569,Covington,Louisiana,Anytime Fitness
797,https://www.anytimefitness.com/locations/novato-california-2995,38.10265,-122.5717,Novato,California,Anytime Fitness
798,https://www.anytimefitness.com/locations/roswell-new-mexico-4877,33.37908,-104.52399,Roswell,New Mexico,Anytime Fitness
799,https://www.anytimefitness.com/locations/elmsford-new-york-4619,41.05495,-73.81938,Elmsford,New York,Anytime Fitness
800,https://www.anytimefitness.com/locations/port-clinton-ohio-4469,41.5139,-82.91989,Port Clinton,Ohio,Anytime Fitness
801,https://www.anytimefitness.com/locations/urbana-ohio-4646,40.10471,-83.72029,Urbana,Ohio,Anytime Fitness
802,https://www.anytimefitness.com/locations/dunedin-florida-2692,28.01905,-82.76473,Dunedin,Florida,Anytime Fitness
803,https://www.anytimefitness.com/locations/laredo-texas-4215,27.57495,-99.4742,Laredo,Texas,Anytime Fitness
804,https://www.anytimefitness.com/locations/pierre-south-dakota-780,44.36265,-100.34465,Pierre,South Dakota,Anytime Fitness
805,https://www.anytimefitness.com/locations/kingsland-georgia-1806,30.78477,-81.64666,Kingsland,Georgia,Anytime Fitness
806,https://www.anytimefitness.com/locations/key-west-florida-4177,24.56114,-81.7652,Key West,Florida,Anytime Fitness
807,https://www.anytimefitness.com/locations/naples-florida-5385,26.28652,-81.595993,Naples,Florida,Anytime Fitness
808,https://www.anytimefitness.com/locations/kenton-ohio-4706,40.645768,-83.608869,Kenton,Ohio,Anytime Fitness
809,https://www.anytimefitness.com/locations/minot-north-dakota-2333,48.24801,-101.29536,Minot,North Dakota,Anytime Fitness
810,https://www.anytimefitness.com/locations/mukwonago-wisconsin-4605,42.87218,-88.31978,Mukwonago,Wisconsin,Anytime Fitness
811,https://www.anytimefitness.com/locations/boise-idaho-2531,43.62566,-116.21067,Boise,Idaho,Anytime Fitness
812,https://www.anytimefitness.com/locations/van-alstyne--texas-5191,33.423236,-96.588822,Van Alstyne ,Texas,Anytime Fitness
813,https://www.anytimefitness.com/locations/crestwood-kentucky-4903,38.3386044,-85.46892973,Crestwood,Kentucky,Anytime Fitness
814,https://www.anytimefitness.com/locations/braselton-georgia-791,34.12356,-83.82772,Braselton,Georgia,Anytime Fitness
815,https://www.anytimefitness.com/locations/canton-michigan-1446,42.34947,-83.4606,Canton,Michigan,Anytime Fitness
816,https://www.anytimefitness.com/locations/buckley-washington-109,47.15873,-122.03572,Buckley,Washington,Anytime Fitness
817,https://www.anytimefitness.com/locations/cedar-park-texas-2805,30.52148,-97.77455,Cedar Park,Texas,Anytime Fitness
818,https://www.anytimefitness.com/locations/madison-wisconsin-332,43.08539,-89.26773,Madison,Wisconsin,Anytime Fitness
819,https://www.anytimefitness.com/locations/gibsonia-pennsylvania-3261,40.60798,-79.94791,Gibsonia,Pennsylvania,Anytime Fitness
820,https://www.anytimefitness.com/locations/columbus-georgia-4020,32.55708,-84.90488,Columbus,Georgia,Anytime Fitness
821,https://www.anytimefitness.com/locations/lima-ohio-2046,40.75984,-84.14342,Lima,Ohio,Anytime Fitness
822,https://www.anytimefitness.com/locations/auburn-massachusetts-1635,42.187536,-71.850782,Auburn,Massachusetts,Anytime Fitness
823,https://www.anytimefitness.com/locations/sacramento-california-3241,38.57309,-121.38339,Sacramento,California,Anytime Fitness
824,https://www.anytimefitness.com/locations/north-kingstown-rhode-island-3974,41.58321,-71.49433,North Kingstown,Rhode Island,Anytime Fitness
825,https://www.anytimefitness.com/locations/madison-heights-michigan-1360,42.52962,-83.12546,Madison Heights,Michigan,Anytime Fitness
826,https://www.anytimefitness.com/locations/lynden-washington-3107,48.94046,-122.4699,Lynden,Washington,Anytime Fitness
827,https://www.anytimefitness.com/locations/mckinney-texas-4743,33.12917,-96.724195,McKinney,Texas,Anytime Fitness
828,https://www.anytimefitness.com/locations/katy-texas-4721,29.782419,-95.720465,Katy,Texas,Anytime Fitness
829,https://www.anytimefitness.com/locations/harrisville-utah-5306,41.267195,-111.970843,Harrisville,Utah,Anytime Fitness
830,https://www.anytimefitness.com/locations/lemont-illinois-3921,41.65456,-88.00134,Lemont,Illinois,Anytime Fitness
831,https://www.anytimefitness.com/locations/clermont-florida-2435,28.54792,-81.70747,Clermont,Florida,Anytime Fitness
832,https://www.anytimefitness.com/locations/east-lansing-michigan-2543,42.772769,-84.485321,East Lansing,Michigan,Anytime Fitness
833,https://www.anytimefitness.com/locations/seymour-indiana-2018,38.95784,-85.87683,Seymour,Indiana,Anytime Fitness
834,https://www.anytimefitness.com/locations/driggs-idaho-494,43.723651,-111.111885,Driggs,Idaho,Anytime Fitness
835,https://www.anytimefitness.com/locations/canton-ohio-5386,40.84484,-81.43635,Canton,Ohio,Anytime Fitness
836,https://www.anytimefitness.com/locations/erie-pennsylvania-5015,42.087388,-80.138842,Erie,Pennsylvania,Anytime Fitness
837,https://www.anytimefitness.com/locations/hebron-indiana-2454,41.33253,-87.20204,Hebron,Indiana,Anytime Fitness
838,https://www.anytimefitness.com/locations/norristown-pennsylvania-2865,40.11243,-75.32513,Norristown,Pennsylvania,Anytime Fitness
839,https://www.anytimefitness.com/locations/milwaukee-wisconsin-2971,43.04993,-87.90767,Milwaukee,Wisconsin,Anytime Fitness
840,https://www.anytimefitness.com/locations/cullman-alabama-3859,34.15203,-86.84073,Cullman,Alabama,Anytime Fitness
841,https://www.anytimefitness.com/locations/arlington-heights-illinois-4672,42.13775,-87.98589,Arlington Heights,Illinois,Anytime Fitness
842,https://www.anytimefitness.com/locations/west-bend-wisconsin-508,43.39957,-88.18633,West Bend,Wisconsin,Anytime Fitness
843,https://www.anytimefitness.com/locations/stamford-connecticut-5067,41.100417,-73.548325,Stamford,Connecticut,Anytime Fitness
844,https://www.anytimefitness.com/locations/hiawatha-iowa-5182,42.040963,-91.672376,Hiawatha,Iowa,Anytime Fitness
845,https://www.anytimefitness.com/locations/lewis-center-ohio-5291,40.166083,-83.019191,Lewis Center,Ohio,Anytime Fitness
846,https://www.anytimefitness.com/locations/billings-montana-838,45.776585,-108.574961,Billings,Montana,Anytime Fitness
847,https://www.anytimefitness.com/locations/monroeville-pennsylvania-1965,40.42777,-79.7078,Monroeville,Pennsylvania,Anytime Fitness
848,https://www.anytimefitness.com/locations/vacaville-california-4557,38.336203,-121.955434,Vacaville,California,Anytime Fitness
849,https://www.anytimefitness.com/locations/valley-springs-california-4291,38.16744,-120.838728,Valley Springs,California,Anytime Fitness
850,https://www.anytimefitness.com/locations/frankfort-indiana-4332,40.277888,-86.4808,Frankfort,Indiana,Anytime Fitness
851,https://www.anytimefitness.com/locations/league-city-texas-1878,29.4948,-95.14264,League City,Texas,Anytime Fitness
852,https://www.anytimefitness.com/locations/denton-texas-3427,33.144211,-97.10578,Denton,Texas,Anytime Fitness
853,https://www.anytimefitness.com/locations/burnsville-minnesota-230,44.77335,-93.27883,Burnsville,Minnesota,Anytime Fitness
854,https://www.anytimefitness.com/locations/santa-fe-new-mexico-1076,35.65753,-105.96101,Santa Fe,New Mexico,Anytime Fitness
855,https://www.anytimefitness.com/locations/poplar-grove-illinois-4532,42.34745,-88.84985,Poplar Grove,Illinois,Anytime Fitness
856,https://www.anytimefitness.com/locations/morro-bay-california-4536,35.368829,-120.84497,Morro Bay,California,Anytime Fitness
857,https://www.anytimefitness.com/locations/borger-texas-2713,35.66006,-101.40433,Borger,Texas,Anytime Fitness
858,https://www.anytimefitness.com/locations/green-bay-wisconsin-574,44.5349,-88.05481,Green Bay,Wisconsin,Anytime Fitness
859,https://www.anytimefitness.com/locations/aubrey-texas-1196,33.22149,-96.93538,Aubrey,Texas,Anytime Fitness
860,https://www.anytimefitness.com/locations/lawrenceville-georgia-1442,33.92138,-84.0086,Lawrenceville,Georgia,Anytime Fitness
861,https://www.anytimefitness.com/locations/daphne-alabama-1667,30.607534,-87.897901,Daphne,Alabama,Anytime Fitness
862,https://www.anytimefitness.com/locations/jacksonville-florida-609,30.26164,-81.64519,Jacksonville,Florida,Anytime Fitness
863,https://www.anytimefitness.com/locations/zion-crossroads-virginia-1935,37.98278,-78.20755,Zion Crossroads,Virginia,Anytime Fitness
864,https://www.anytimefitness.com/locations/medford-oregon-1031,42.3445,-122.824,Medford,Oregon,Anytime Fitness
865,https://www.anytimefitness.com/locations/norwood-massachusetts-4007,42.19289,-71.19771,Norwood,Massachusetts,Anytime Fitness
866,https://www.anytimefitness.com/locations/santa-fe-new-mexico-2238,35.63854,-106.02895,Santa Fe,New Mexico,Anytime Fitness
867,https://www.anytimefitness.com/locations/detroit-lakes-minnesota-633,46.82824,-95.878641,Detroit Lakes,Minnesota,Anytime Fitness
868,https://www.anytimefitness.com/locations/granbury-texas-1466,32.46021,-97.72025,Granbury,Texas,Anytime Fitness
869,https://www.anytimefitness.com/locations/chesapeake-virginia-2560,36.65961,-76.23445,Chesapeake,Virginia,Anytime Fitness
870,https://www.anytimefitness.com/locations/anoka-minnesota-4169,45.27296,-93.41754,Anoka,Minnesota,Anytime Fitness
871,https://www.anytimefitness.com/locations/algiers-louisiana-327,29.91125,-90.00053,Algiers,Louisiana,Anytime Fitness
872,https://www.anytimefitness.com/locations/puyallup-washington-3647,47.12601,-122.29443,Puyallup,Washington,Anytime Fitness
873,https://www.anytimefitness.com/locations/mcmurray-pennsylvania-2127,40.26983,-80.12673,McMurray,Pennsylvania,Anytime Fitness
874,https://www.anytimefitness.com/locations/grand-junction-colorado-2133,39.04077,-108.54175,Grand Junction,Colorado,Anytime Fitness
875,https://www.anytimefitness.com/locations/virginia-minnesota-40,47.51561,-92.56165,Virginia,Minnesota,Anytime Fitness
876,https://www.anytimefitness.com/locations/vidalia-georgia-2760,32.21351,-82.4074,Vidalia,Georgia,Anytime Fitness
877,https://www.anytimefitness.com/locations/mount-joy-pennsylvania-5482,40.110767,-76.479741,Mount Joy,Pennsylvania,Anytime Fitness
878,https://www.anytimefitness.com/locations/warwick-new-york-3773,41.25057,-74.35343,Warwick,New York,Anytime Fitness
879,https://www.anytimefitness.com/locations/kent-washington-3643,47.387468,-122.164983,Kent,Washington,Anytime Fitness
880,https://www.anytimefitness.com/locations/virginia-beach-virginia-576,36.87328,-76.03884,Virginia Beach,Virginia,Anytime Fitness
881,https://www.anytimefitness.com/locations/mount-washington-kentucky-2200,38.05756,-85.53829,Mount Washington,Kentucky,Anytime Fitness
882,https://www.anytimefitness.com/locations/pender-nebraska-3620,42.11436,-96.71141,Pender,Nebraska,Anytime Fitness
883,https://www.anytimefitness.com/locations/port-st.-lucie-florida-4004,27.21002,-80.32614,Port St. Lucie,Florida,Anytime Fitness
884,https://www.anytimefitness.com/locations/fremont-michigan-3840,43.46689,-85.97057,Fremont,Michigan,Anytime Fitness
885,https://www.anytimefitness.com/locations/scott-louisiana-533,30.24276,-92.1006,Scott,Louisiana,Anytime Fitness
886,https://www.anytimefitness.com/locations/st.-mary's-georgia-1232,30.75428,-81.57967,St. Mary's,Georgia,Anytime Fitness
887,https://www.anytimefitness.com/locations/aurora-colorado-3451,39.58071,-104.72282,Aurora,Colorado,Anytime Fitness
888,https://www.anytimefitness.com/locations/farmington-new-mexico-2768,36.747013,-108.164041,Farmington,New Mexico,Anytime Fitness
889,https://www.anytimefitness.com/locations/woodstock-illinois-3297,42.29407,-88.4248,Woodstock,Illinois,Anytime Fitness
890,https://www.anytimefitness.com/locations/bonham-texas-3826,33.59454,-96.19308,Bonham,Texas,Anytime Fitness
891,https://www.anytimefitness.com/locations/poolesville-maryland-4249,39.1455,-77.41664,Poolesville,Maryland,Anytime Fitness
892,https://www.anytimefitness.com/locations/washington-indiana-723,38.65146,-87.15328,Washington,Indiana,Anytime Fitness
893,https://www.anytimefitness.com/locations/grafton-massachusetts-954,42.22012,-71.6962,Grafton,Massachusetts,Anytime Fitness
894,https://www.anytimefitness.com/locations/fond-du-lac-wisconsin-1643,43.784561,-88.448349,Fond du Lac,Wisconsin,Anytime Fitness
895,https://www.anytimefitness.com/locations/des-plaines-illinois-4403,42.04033,-87.88662,Des Plaines,Illinois,Anytime Fitness
896,https://www.anytimefitness.com/locations/niantic-connecticut-2190,41.31947,-72.24329,Niantic,Connecticut,Anytime Fitness
897,https://www.anytimefitness.com/locations/pembroke-massachusetts-3613,42.10854,-70.76843,Pembroke,Massachusetts,Anytime Fitness
898,https://www.anytimefitness.com/locations/gallatin-tennessee-3083,36.358791,-86.499062,Gallatin,Tennessee,Anytime Fitness
899,https://www.anytimefitness.com/locations/monroeville-alabama-4751,31.51348,-87.31847,Monroeville,Alabama,Anytime Fitness
900,https://www.anytimefitness.com/locations/prairieville-louisiana-605,30.269007,-90.990147,Prairieville,Louisiana,Anytime Fitness
901,https://www.anytimefitness.com/locations/shreveport-louisiana-1982,32.59885,-93.83899,Shreveport,Louisiana,Anytime Fitness
902,https://www.anytimefitness.com/locations/la-place-louisiana-3146,30.09019,-90.50452,La Place,Louisiana,Anytime Fitness
903,https://www.anytimefitness.com/locations/duluth-minnesota-2,46.801314,-92.079153,Duluth,Minnesota,Anytime Fitness
904,https://www.anytimefitness.com/locations/rapid-city-south-dakota-4518,44.07889,-103.250469,Rapid City,South Dakota,Anytime Fitness
905,https://www.anytimefitness.com/locations/sault-ste.-marie-michigan-2607,46.46526,-84.37864,Sault Ste. Marie,Michigan,Anytime Fitness
906,https://www.anytimefitness.com/locations/ottawa-illinois-2848,41.371664,-88.838308,Ottawa,Illinois,Anytime Fitness
907,https://www.anytimefitness.com/locations/springfield-illinois-2412,39.839698,-89.605209,Springfield,Illinois,Anytime Fitness
908,https://www.anytimefitness.com/locations/cathedral-city-california-4771,33.78696,-116.4823,Cathedral City,California,Anytime Fitness
909,https://www.anytimefitness.com/locations/robertsdale-alabama-4325,30.54355,-87.70678,Robertsdale,Alabama,Anytime Fitness
910,https://www.anytimefitness.com/locations/santa-maria-california-2149,34.897831,-120.435715,Santa Maria,California,Anytime Fitness
911,https://www.anytimefitness.com/locations/springfield-missouri-902,37.161551,-93.29184,Springfield,Missouri,Anytime Fitness
912,https://www.anytimefitness.com/locations/greenbrier-arkansas-1145,35.23052,-92.38844,Greenbrier,Arkansas,Anytime Fitness
913,https://www.anytimefitness.com/locations/las-vegas-nevada-534,36.07615,-115.29853,Las Vegas,Nevada,Anytime Fitness
914,https://www.anytimefitness.com/locations/leesburg-georgia-2335,31.63153,-84.17488,Leesburg,Georgia,Anytime Fitness
915,https://www.anytimefitness.com/locations/morgan-hill-california-2417,37.150559,-121.657013,Morgan Hill,California,Anytime Fitness
916,https://www.anytimefitness.com/locations/calhoun-louisiana-2307,32.52072,-92.32668,Calhoun,Louisiana,Anytime Fitness
917,https://www.anytimefitness.com/locations/st.-marys-pennsylvania-4885,41.4090931,-78.5597269,St. Marys,Pennsylvania,Anytime Fitness
918,https://www.anytimefitness.com/locations/port-angeles-washington-439,48.10486,-123.39619,Port Angeles,Washington,Anytime Fitness
919,https://www.anytimefitness.com/locations/norfolk-nebraska-237,42.023776,-97.439452,Norfolk,Nebraska,Anytime Fitness
920,https://www.anytimefitness.com/locations/mineral-wells-texas-1299,32.80962,-98.08536,Mineral Wells,Texas,Anytime Fitness
921,https://www.anytimefitness.com/locations/terrell-texas-3588,32.73802,-96.30743,Terrell,Texas,Anytime Fitness
922,https://www.anytimefitness.com/locations/st.-louis-park-minnesota-5626,44.966762,-93.347702,St. Louis Park,Minnesota,Anytime Fitness
923,https://www.anytimefitness.com/locations/moundsville-west-virginia-3505,39.910686,-80.747949,Moundsville,West Virginia,Anytime Fitness
924,https://www.anytimefitness.com/locations/elgin-illinois-5079,42.047753,-88.25453,Elgin,Illinois,Anytime Fitness
925,https://www.anytimefitness.com/locations/san-antonio-texas-4940,29.579287,-98.587002,San Antonio,Texas,Anytime Fitness
926,https://www.anytimefitness.com/locations/lansing-kansas-1570,39.239622,-94.899582,Lansing,Kansas,Anytime Fitness
927,https://www.anytimefitness.com/locations/lakeville-minnesota-1669,44.69129,-93.28372,Lakeville,Minnesota,Anytime Fitness
928,https://www.anytimefitness.com/locations/oro-valley-arizona-446,32.42211,-110.96218,Oro Valley,Arizona,Anytime Fitness
929,https://www.anytimefitness.com/locations/flint-texas-4920,32.1897848,-95.4343016,Flint,Texas,Anytime Fitness
930,https://www.anytimefitness.com/locations/denver-colorado-4525,39.73985,-104.97093,Denver,Colorado,Anytime Fitness
931,https://www.anytimefitness.com/locations/sellersburg-indiana-2700,38.38248,-85.76935,Sellersburg,Indiana,Anytime Fitness
932,https://www.anytimefitness.com/locations/waukesha-wisconsin-1021,43.023,-88.28424,Waukesha,Wisconsin,Anytime Fitness
933,https://www.anytimefitness.com/locations/durand-illinois-4852,42.43670868,-89.332344,Durand,Illinois,Anytime Fitness
934,https://www.anytimefitness.com/locations/katy-texas-2929,29.77269,-95.81706,Katy,Texas,Anytime Fitness
935,https://www.anytimefitness.com/locations/kingsburg-california-5003,36.519779,-119.557588,Kingsburg,California,Anytime Fitness
936,https://www.anytimefitness.com/locations/los-alamos-new-mexico-4843,35.88144749,-106.2857432,Los Alamos,New Mexico,Anytime Fitness
937,https://www.anytimefitness.com/locations/moses-lake-washington-293,47.1373,-119.2773,Moses Lake,Washington,Anytime Fitness
938,https://www.anytimefitness.com/locations/wisconsin-rapids-wisconsin-2658,44.37151,-89.81645,Wisconsin Rapids,Wisconsin,Anytime Fitness
939,https://www.anytimefitness.com/locations/austin-texas-1716,30.37229,-97.80228,Austin,Texas,Anytime Fitness
940,https://www.anytimefitness.com/locations/janesville-wisconsin-2000,42.7170481,-88.9908766,Janesville,Wisconsin,Anytime Fitness
941,https://www.anytimefitness.com/locations/nixa-missouri-903,37.05549,-93.29489,Nixa,Missouri,Anytime Fitness
942,https://www.anytimefitness.com/locations/barrington-rhode-island-3745,41.73738,-71.30518,Barrington,Rhode Island,Anytime Fitness
943,https://www.anytimefitness.com/locations/el-paso-texas-4996,31.703037,-106.321359,El Paso,Texas,Anytime Fitness
944,https://www.anytimefitness.com/locations/camby-indiana-1226,39.637575,-86.338821,Camby,Indiana,Anytime Fitness
945,https://www.anytimefitness.com/locations/pensacola-florida-559,30.41208,-87.20967,Pensacola,Florida,Anytime Fitness
946,https://www.anytimefitness.com/locations/fayetteville-north-carolina-4495,35.119,-78.88049,Fayetteville,North Carolina,Anytime Fitness
947,https://www.anytimefitness.com/locations/franklin-tennessee-1944,35.93008,-86.82465,Franklin,Tennessee,Anytime Fitness
948,https://www.anytimefitness.com/locations/bandera-texas-5312,29.741158,-99.02772,Bandera,Texas,Anytime Fitness
949,https://www.anytimefitness.com/locations/frederick-maryland-3871,39.45512,-77.44837,Frederick,Maryland,Anytime Fitness
950,https://www.anytimefitness.com/locations/grand-island-nebraska-135,40.93121,-98.38884,Grand Island,Nebraska,Anytime Fitness
951,https://www.anytimefitness.com/locations/lithia-florida-4090,27.84187,-82.21504,Lithia,Florida,Anytime Fitness
952,https://www.anytimefitness.com/locations/warrenton-virginia-4257,38.731009,-77.800415,Warrenton,Virginia,Anytime Fitness
953,https://www.anytimefitness.com/locations/litchfield-park-arizona-3912,33.493981,-112.337684,Litchfield Park,Arizona,Anytime Fitness
954,https://www.anytimefitness.com/locations/oaklandon-indiana-1224,39.872065,-85.955019,Oaklandon,Indiana,Anytime Fitness
955,https://www.anytimefitness.com/locations/jacksonville-texas-2087,31.95015,-95.26365,Jacksonville,Texas,Anytime Fitness
956,https://www.anytimefitness.com/locations/jackson-michigan-3105,42.260476,-84.424304,Jackson,Michigan,Anytime Fitness
957,https://www.anytimefitness.com/locations/minneapolis-minnesota-3129,45.00338,-93.30721,Minneapolis,Minnesota,Anytime Fitness
958,https://www.anytimefitness.com/locations/new-prague-minnesota-2090,44.54295,-93.55543,New Prague,Minnesota,Anytime Fitness
959,https://www.anytimefitness.com/locations/encinitas-california-5153,33.051527,-117.261759,Encinitas,California,Anytime Fitness
960,https://www.anytimefitness.com/locations/rancho-cucamonga-california-341,34.11134,-117.5765,Rancho Cucamonga,California,Anytime Fitness
961,https://www.anytimefitness.com/locations/vineland-new-jersey-2982,39.4792,-74.99856,Vineland,New Jersey,Anytime Fitness
962,https://www.anytimefitness.com/locations/delta-colorado-1004,38.75106,-108.0492,Delta,Colorado,Anytime Fitness
963,https://www.anytimefitness.com/locations/red-oak-texas-2059,32.53272,-96.8134,Red Oak,Texas,Anytime Fitness
964,https://www.anytimefitness.com/locations/richmond-indiana-2401,39.823994,-84.936076,Richmond,Indiana,Anytime Fitness
965,https://www.anytimefitness.com/locations/lincoln-illinois-2722,40.15339,-89.35899,Lincoln,Illinois,Anytime Fitness
966,https://www.anytimefitness.com/locations/new-orleans-louisiana-2787,30.04095,-89.95529,New Orleans,Louisiana,Anytime Fitness
967,https://www.anytimefitness.com/locations/huntingdon-pennsylvania-3207,40.4811,-78.0133,Huntingdon,Pennsylvania,Anytime Fitness
968,https://www.anytimefitness.com/locations/huntsville-alabama-4853,34.672794,-86.536236,Huntsville,Alabama,Anytime Fitness
969,https://www.anytimefitness.com/locations/tyler-texas-1064,32.31644,-95.279585,Tyler,Texas,Anytime Fitness
970,https://www.anytimefitness.com/locations/indianapolis-indiana-3842,39.851518,-86.26304,Indianapolis,Indiana,Anytime Fitness
971,https://www.anytimefitness.com/locations/boone-north-carolina-379,36.21247,-81.66884,Boone,North Carolina,Anytime Fitness
972,https://www.anytimefitness.com/locations/princeton-illinois-2978,41.370869,-89.465148,Princeton,Illinois,Anytime Fitness
973,https://www.anytimefitness.com/locations/nampa-idaho-353,43.54739,-116.53402,Nampa,Idaho,Anytime Fitness
974,https://www.anytimefitness.com/locations/independence-missouri-5160,39.078801,-94.389267,Independence,Missouri,Anytime Fitness
975,https://www.anytimefitness.com/locations/rincon-georgia-3998,32.2707,-81.22811,Rincon,Georgia,Anytime Fitness
976,https://www.anytimefitness.com/locations/bay-city-texas-3408,28.98419,-95.93731,Bay City,Texas,Anytime Fitness
977,https://www.anytimefitness.com/locations/ventura-california-3153,34.24753,-119.19493,Ventura,California,Anytime Fitness
978,https://www.anytimefitness.com/locations/rotonda-west-florida-4498,26.912946,-82.228361,Rotonda West,Florida,Anytime Fitness
979,https://www.anytimefitness.com/locations/denham-springs-louisiana-871,30.43744,-90.91342,Denham Springs,Louisiana,Anytime Fitness
980,https://www.anytimefitness.com/locations/zionsville-indiana-649,39.95067,-86.28236,Zionsville,Indiana,Anytime Fitness
981,https://www.anytimefitness.com/locations/lombard-illinois-4397,41.90554,-88.00993,Lombard,Illinois,Anytime Fitness
982,https://www.anytimefitness.com/locations/chillicothe-ohio-3579,39.36781,-82.97652,Chillicothe,Ohio,Anytime Fitness
983,https://www.anytimefitness.com/locations/krum-texas-3357,33.25898,-97.22746,Krum,Texas,Anytime Fitness
984,https://www.anytimefitness.com/locations/crockett-texas-4966,31.326123,-95.436537,Crockett,Texas,Anytime Fitness
985,https://www.anytimefitness.com/locations/tomah-wisconsin-1102,43.97703,-90.50455,Tomah,Wisconsin,Anytime Fitness
986,https://www.anytimefitness.com/locations/sterlington-louisiana-1870,32.64768,-92.05607,Sterlington,Louisiana,Anytime Fitness
987,https://www.anytimefitness.com/locations/berthoud-colorado-5190,40.304752,-105.087654,Berthoud,Colorado,Anytime Fitness
988,https://www.anytimefitness.com/locations/hampton-virginia-3275,37.06356,-76.42556,Hampton,Virginia,Anytime Fitness
989,https://www.anytimefitness.com/locations/travelers-rest-south-carolina-3433,34.96708,-82.44209,Travelers Rest,South Carolina,Anytime Fitness
990,https://www.anytimefitness.com/locations/silverdale-washington-5514,47.66117,-122.69058,Silverdale,Washington,Anytime Fitness
991,https://www.anytimefitness.com/locations/baldwin-wisconsin-4725,44.935119,-92.373317,Baldwin,Wisconsin,Anytime Fitness
992,https://www.anytimefitness.com/locations/westminster-maryland-4596,39.58891,-77.01111,Westminster,Maryland,Anytime Fitness
993,https://www.anytimefitness.com/locations/horace-north-dakota-5451,46.774618,-96.900334,Horace,North Dakota,Anytime Fitness
994,https://www.anytimefitness.com/locations/staunton-virginia-3195,38.10964,-78.99887,Staunton,Virginia,Anytime Fitness
995,https://www.anytimefitness.com/locations/east-wenatchee-washington-4436,47.406542,-120.280362,East Wenatchee,Washington,Anytime Fitness
996,https://www.anytimefitness.com/locations/st.-cloud-florida-3147,28.19595,-81.29468,St. Cloud,Florida,Anytime Fitness
997,https://www.anytimefitness.com/locations/bowling-green-kentucky-4213,36.92864,-86.41349,Bowling Green,Kentucky,Anytime Fitness
998,https://www.anytimefitness.com/locations/estherville-iowa-2338,43.39835,-94.81047,Estherville,Iowa,Anytime Fitness
999,https://www.anytimefitness.com/locations/west-union-iowa-2826,42.96604,-91.81523,West Union,Iowa,Anytime Fitness
1000,https://www.anytimefitness.com/locations/aliquippa-pennsylvania-5318,40.586062,-80.259074,Aliquippa,Pennsylvania,Anytime Fitness
1001,https://www.anytimefitness.com/locations/sidney-montana-4789,47.714865,-104.15625,Sidney,Montana,Anytime Fitness
1002,https://www.anytimefitness.com/locations/woodbury-minnesota-198,44.93218,-92.90393,Woodbury,Minnesota,Anytime Fitness
1003,https://www.anytimefitness.com/locations/sulphur-louisiana-2785,30.231224,-93.327408,Sulphur,Louisiana,Anytime Fitness
1004,https://www.anytimefitness.com/locations/gilbertsville-pennsylvania-3098,40.3242,-75.62014,Gilbertsville,Pennsylvania,Anytime Fitness
1005,https://www.anytimefitness.com/locations/emmaus-pennsylvania-3724,40.52934,-75.50542,Emmaus,Pennsylvania,Anytime Fitness
1006,https://www.anytimefitness.com/locations/yelm-washington-1009,46.93446,-122.59069,Yelm,Washington,Anytime Fitness
1007,https://www.anytimefitness.com/locations/st.-clairsville-ohio-3213,40.0751,-80.87112,St. Clairsville,Ohio,Anytime Fitness
1008,https://www.anytimefitness.com/locations/hidden-valley-lake-california-2235,38.79517,-122.55675,Hidden Valley Lake,California,Anytime Fitness
1009,https://www.anytimefitness.com/locations/clinton-township-michigan-1902,42.60921,-82.97191,Clinton Township,Michigan,Anytime Fitness
1010,https://www.anytimefitness.com/locations/arlington-washington-4711,48.1922535,-122.1267729,Arlington,Washington,Anytime Fitness
1011,https://www.anytimefitness.com/locations/white-oak-texas-4530,32.5212,-94.864152,White Oak,Texas,Anytime Fitness
1012,https://www.anytimefitness.com/locations/new-orleans-louisiana-2440,29.934761,-90.105842,New Orleans,Louisiana,Anytime Fitness
1013,https://www.anytimefitness.com/locations/naperville-illinois-4752,41.794728,-88.204611,Naperville,Illinois,Anytime Fitness
1014,https://www.anytimefitness.com/locations/lebanon-ohio-1936,39.45688,-84.17508,Lebanon,Ohio,Anytime Fitness
1015,https://www.anytimefitness.com/locations/colonia-new-jersey-2053,40.5986,-74.32539,Colonia,New Jersey,Anytime Fitness
1016,https://www.anytimefitness.com/locations/farmerville-louisiana-3968,32.76852,-92.39179,Farmerville,Louisiana,Anytime Fitness
1017,https://www.anytimefitness.com/locations/germantown-maryland-2462,39.1592,-77.27815,Germantown,Maryland,Anytime Fitness
1018,https://www.anytimefitness.com/locations/floresville-texas-1762,29.156363,-98.168721,Floresville,Texas,Anytime Fitness
1019,https://www.anytimefitness.com/locations/chaska-minnesota-2604,44.829997,-93.604199,Chaska,Minnesota,Anytime Fitness
1020,https://www.anytimefitness.com/locations/trappe-pennsylvania-3926,40.19462,-75.46737,Trappe,Pennsylvania,Anytime Fitness
1021,https://www.anytimefitness.com/locations/wahpeton-north-dakota-4516,46.283858,-96.62493,Wahpeton,North Dakota,Anytime Fitness
1022,https://www.anytimefitness.com/locations/mendota-heights-minnesota-647,44.8818,-93.12394,Mendota Heights,Minnesota,Anytime Fitness
1023,https://www.anytimefitness.com/locations/grinnell-iowa-484,41.73138,-92.72788,Grinnell,Iowa,Anytime Fitness
1024,https://www.anytimefitness.com/locations/marion-arkansas-1135,35.210483,-90.203405,Marion,Arkansas,Anytime Fitness
1025,https://www.anytimefitness.com/locations/alamosa-colorado-3462,37.477669,-105.895122,Alamosa,Colorado,Anytime Fitness
1026,https://www.anytimefitness.com/locations/columbia-maryland-5353,39.181319,-76.826374,Columbia,Maryland,Anytime Fitness
1027,https://www.anytimefitness.com/locations/union-new-jersey-4643,40.67712002,-74.269908,Union,New Jersey,Anytime Fitness
1028,https://www.anytimefitness.com/locations/mauston-wisconsin-4045,43.79544,-90.07274,Mauston,Wisconsin,Anytime Fitness
1029,https://www.anytimefitness.com/locations/stephenville-texas-1910,32.210703,-98.225633,Stephenville,Texas,Anytime Fitness
1030,https://www.anytimefitness.com/locations/plymouth-wisconsin-872,43.75396,-87.94492,Plymouth,Wisconsin,Anytime Fitness
1031,https://www.anytimefitness.com/locations/athens-georgia-2996,33.94148,-83.45122,Athens,Georgia,Anytime Fitness
1032,https://www.anytimefitness.com/locations/seattle-washington-2816,47.61629,-122.30996,Seattle,Washington,Anytime Fitness
1033,https://www.anytimefitness.com/locations/parkville-missouri-5031,39.222314,-94.757218,Parkville,Missouri,Anytime Fitness
1034,https://www.anytimefitness.com/locations/wilmington-north-carolina-3970,34.1746,-77.89313,Wilmington,North Carolina,Anytime Fitness
1035,https://www.anytimefitness.com/locations/greenwich-new-york-4546,43.10261,-73.51369,Greenwich,New York,Anytime Fitness
1036,https://www.anytimefitness.com/locations/copperas-cove-texas-3424,31.11954,-97.86324,Copperas Cove,Texas,Anytime Fitness
1037,https://www.anytimefitness.com/locations/homer-glen-illinois-3934,41.59971,-87.92251,Homer Glen,Illinois,Anytime Fitness
1038,https://www.anytimefitness.com/locations/abingdon-virginia-2673,36.70232,-81.97632,Abingdon,Virginia,Anytime Fitness
1039,https://www.anytimefitness.com/locations/hudson-oaks-texas-2358,32.75452,-97.71286,Hudson Oaks,Texas,Anytime Fitness
1040,https://www.anytimefitness.com/locations/jackson-tennessee-2482,35.69659,-88.8344,Jackson,Tennessee,Anytime Fitness
1041,https://www.anytimefitness.com/locations/ville-platte-louisiana-1808,30.68612,-92.26018,Ville Platte,Louisiana,Anytime Fitness
1042,https://www.anytimefitness.com/locations/lacrosse-wisconsin-4910,43.779892,-91.225755,LaCrosse,Wisconsin,Anytime Fitness
1043,https://www.anytimefitness.com/locations/mount-horeb-wisconsin-2424,43.00603,-89.72983,Mount Horeb,Wisconsin,Anytime Fitness
1044,https://www.anytimefitness.com/locations/carrollton-texas-5064,32.954063,-96.856768,Carrollton,Texas,Anytime Fitness
1045,https://www.anytimefitness.com/locations/magee-mississippi-2145,31.86716,-89.74141,Magee,Mississippi,Anytime Fitness
1046,https://www.anytimefitness.com/locations/vancouver-washington-1129,45.62695,-122.67617,Vancouver,Washington,Anytime Fitness
1047,https://www.anytimefitness.com/locations/el-paso-texas-4905,31.798795,-106.321969,El Paso,Texas,Anytime Fitness
1048,https://www.anytimefitness.com/locations/chesterfield-missouri-3942,38.67908,-90.50179,Chesterfield,Missouri,Anytime Fitness
1049,https://www.anytimefitness.com/locations/cleveland-ohio-1449,41.48675,-81.76692,Cleveland,Ohio,Anytime Fitness
1050,https://www.anytimefitness.com/locations/osage-beach-missouri-2775,38.15548,-92.60346,Osage Beach,Missouri,Anytime Fitness
1051,https://www.anytimefitness.com/locations/farmers-branch-texas-5070,32.921681112,-96.9091992063,Farmers Branch,Texas,Anytime Fitness
1052,https://www.anytimefitness.com/locations/mishawaka-indiana-4595,41.69768,-86.18689,Mishawaka,Indiana,Anytime Fitness
1053,https://www.anytimefitness.com/locations/ishpeming-michigan-2743,46.4866,-87.71655,Ishpeming,Michigan,Anytime Fitness
1054,https://www.anytimefitness.com/locations/glennville-georgia-4376,31.94052,-81.92669,Glennville,Georgia,Anytime Fitness
1055,https://www.anytimefitness.com/locations/aurora-illinois-4401,41.76545,-88.3626,Aurora,Illinois,Anytime Fitness
1056,https://www.anytimefitness.com/locations/franklinton-louisiana-626,30.847,-90.14347,Franklinton,Louisiana,Anytime Fitness
1057,https://www.anytimefitness.com/locations/lowell-indiana-3326,41.289046,-87.394752,Lowell,Indiana,Anytime Fitness
1058,https://www.anytimefitness.com/locations/schererville-indiana-3272,41.482,-87.47095,Schererville,Indiana,Anytime Fitness
1059,https://www.anytimefitness.com/locations/pensacola-florida-3978,30.40278,-87.33677,Pensacola,Florida,Anytime Fitness
1060,https://www.anytimefitness.com/locations/caldwell-idaho-2029,43.64625,-116.69254,Caldwell,Idaho,Anytime Fitness
1061,https://www.anytimefitness.com/locations/bunkie-louisiana-4855,30.9610579,-92.1927423,Bunkie,Louisiana,Anytime Fitness
1062,https://www.anytimefitness.com/locations/shawnee-oklahoma-3479,35.34872,-96.92963,Shawnee,Oklahoma,Anytime Fitness
1063,https://www.anytimefitness.com/locations/durango-colorado-1499,37.23792,-107.82282,Durango,Colorado,Anytime Fitness
1064,https://www.anytimefitness.com/locations/tekamah-nebraska-5374,41.775747,-96.221483,Tekamah,Nebraska,Anytime Fitness
1065,https://www.anytimefitness.com/locations/cliffside-park-new-jersey-4440,40.82809,-73.98704,Cliffside Park,New Jersey,Anytime Fitness
1066,https://www.anytimefitness.com/locations/rohnert-park-california-2545,38.36265,-122.69243,Rohnert Park,California,Anytime Fitness
1067,https://www.anytimefitness.com/locations/lincoln-nebraska-4765,40.77079,-96.6227,Lincoln,Nebraska,Anytime Fitness
1068,https://www.anytimefitness.com/locations/watertown-south-dakota-417,44.900406,-97.105535,Watertown,South Dakota,Anytime Fitness
1069,https://www.anytimefitness.com/locations/yakima-washington-1057,46.60143,-120.5851,Yakima,Washington,Anytime Fitness
1070,https://www.anytimefitness.com/locations/chester-virginia-1648,37.35885,-77.41626,Chester,Virginia,Anytime Fitness
1071,https://www.anytimefitness.com/locations/heber-city-utah-5611,40.494008,-111.411968,Heber City,Utah,Anytime Fitness
1072,https://www.anytimefitness.com/locations/hewitt-texas-2495,31.47679,-97.2039,Hewitt,Texas,Anytime Fitness
1073,https://www.anytimefitness.com/locations/chillicothe-missouri-1481,39.77447,-93.54631,Chillicothe,Missouri,Anytime Fitness
1074,https://www.anytimefitness.com/locations/mustang-oklahoma-589,35.393172,-97.702884,Mustang,Oklahoma,Anytime Fitness
1075,https://www.anytimefitness.com/locations/muncie-indiana-1816,40.1599,-85.36572,Muncie,Indiana,Anytime Fitness
1076,https://www.anytimefitness.com/locations/belchertown-massachusetts-352,42.266059,-72.417857,Belchertown,Massachusetts,Anytime Fitness
1077,https://www.anytimefitness.com/locations/huntington-beach-california-4757,33.651596393,-117.954746055,Huntington Beach,California,Anytime Fitness
1078,https://www.anytimefitness.com/locations/portland-oregon-4974,45.46335,-122.68397,Portland,Oregon,Anytime Fitness
1079,https://www.anytimefitness.com/locations/fountain-inn-south-carolina-5503,34.701975,-82.217106,Fountain Inn,South Carolina,Anytime Fitness
1080,https://www.anytimefitness.com/locations/huntersville-north-carolina-372,35.40622,-80.86266,Huntersville,North Carolina,Anytime Fitness
1081,https://www.anytimefitness.com/locations/blacksburg-virginia-2737,37.21361,-80.403,Blacksburg,Virginia,Anytime Fitness
1082,https://www.anytimefitness.com/locations/flat-rock-michigan-683,42.09355,-83.27122,Flat Rock,Michigan,Anytime Fitness
1083,https://www.anytimefitness.com/locations/bay-st.-louis-mississippi-1802,30.31813,-89.34754,Bay St. Louis,Mississippi,Anytime Fitness
1084,https://www.anytimefitness.com/locations/connersville-indiana-1440,39.6542,-85.13859,Connersville,Indiana,Anytime Fitness
1085,https://www.anytimefitness.com/locations/denver-colorado-3070,39.77577,-105.03558,Denver,Colorado,Anytime Fitness
1086,https://www.anytimefitness.com/locations/eau-claire-wisconsin-2850,44.77234,-91.4644,Eau Claire,Wisconsin,Anytime Fitness
1087,https://www.anytimefitness.com/locations/marana-arizona-2813,32.4254,-111.04382,Marana,Arizona,Anytime Fitness
1088,https://www.anytimefitness.com/locations/boone-iowa-240,42.04124,-93.87697,Boone,Iowa,Anytime Fitness
1089,https://www.anytimefitness.com/locations/carmel-by-the-sea-california-4872,36.541799,-121.906451,Carmel-By-The-Sea,California,Anytime Fitness
1090,https://www.anytimefitness.com/locations/austin-texas-2109,30.45663,-97.767,Austin,Texas,Anytime Fitness
1091,https://www.anytimefitness.com/locations/idaho-falls-idaho-496,43.49637,-112.07393,Idaho Falls,Idaho,Anytime Fitness
1092,https://www.anytimefitness.com/locations/fulton-maryland-5002,39.152901,-76.908779,Fulton,Maryland,Anytime Fitness
1093,https://www.anytimefitness.com/locations/madelia-minnesota-1865,44.05093,-94.41725,Madelia,Minnesota,Anytime Fitness
1094,https://www.anytimefitness.com/locations/paris-kentucky-5069,38.206592,-84.273052,Paris,Kentucky,Anytime Fitness
1095,https://www.anytimefitness.com/locations/auburn-california-2174,38.93262,-121.08935,Auburn,California,Anytime Fitness
1096,https://www.anytimefitness.com/locations/el-paso-texas-5434,31.787998,-106.410105,El Paso,Texas,Anytime Fitness
1097,https://www.anytimefitness.com/locations/albany-oregon-66,44.63797,-123.07152,Albany,Oregon,Anytime Fitness
1098,https://www.anytimefitness.com/locations/king-city-california-4931,36.20497,-121.13204,King City,California,Anytime Fitness
1099,https://www.anytimefitness.com/locations/pooler-georgia-2405,32.13728,-81.25567,Pooler,Georgia,Anytime Fitness
1100,https://www.anytimefitness.com/locations/blair-nebraska-1692,41.54386,-96.14049,Blair,Nebraska,Anytime Fitness
1101,https://www.anytimefitness.com/locations/mooresville-north-carolina-4821,35.57608,-80.889308,Mooresville,North Carolina,Anytime Fitness
1102,https://www.anytimefitness.com/locations/fruit-cove-florida-5072,30.116192,-81.626715,Fruit Cove,Florida,Anytime Fitness
1103,https://www.anytimefitness.com/locations/north-liberty-iowa-5154,41.75131,-91.60843,North Liberty,Iowa,Anytime Fitness
1104,https://www.anytimefitness.com/locations/collegedale-tennessee-5340,35.081806,-85.061257,Collegedale,Tennessee,Anytime Fitness
1105,https://www.anytimefitness.com/locations/north-canton-ohio-3945,40.8717532,-81.331153,North Canton,Ohio,Anytime Fitness
1106,https://www.anytimefitness.com/locations/orting-washington-108,47.100368,-122.210392,Orting,Washington,Anytime Fitness
1107,https://www.anytimefitness.com/locations/merrillville-indiana-3548,41.47032,-87.36457,Merrillville,Indiana,Anytime Fitness
1108,https://www.anytimefitness.com/locations/lovettsville-virginia-1297,39.2754224,-77.639331,Lovettsville,Virginia,Anytime Fitness
1109,https://www.anytimefitness.com/locations/plaquemine-louisiana-5252,30.29086,-91.23729,Plaquemine,Louisiana,Anytime Fitness
1110,https://www.anytimefitness.com/locations/meridian-idaho-437,43.634153,-116.39299,Meridian,Idaho,Anytime Fitness
1111,https://www.anytimefitness.com/locations/flowood-mississippi-323,32.356447,-90.011319,Flowood,Mississippi,Anytime Fitness
1112,https://www.anytimefitness.com/locations/giddings-texas-3047,30.177782,-96.914709,Giddings,Texas,Anytime Fitness
1113,https://www.anytimefitness.com/locations/the-woodlands-texas-5489,30.226371,-95.522417,The Woodlands,Texas,Anytime Fitness
1114,https://www.anytimefitness.com/locations/glendale-california-4309,34.14246,-118.25225,Glendale,California,Anytime Fitness
1115,https://www.anytimefitness.com/locations/dyer-indiana-3201,41.47149,-87.51946,Dyer,Indiana,Anytime Fitness
1116,https://www.anytimefitness.com/locations/murrells-inlet-south-carolina-5423,33.567284,-79.036522,Murrells Inlet,South Carolina,Anytime Fitness
1117,https://www.anytimefitness.com/locations/crystal-minnesota-194,45.05421,-93.36345,Crystal,Minnesota,Anytime Fitness
1118,https://www.anytimefitness.com/locations/palm-harbor-florida-1165,28.09392,-82.77155,Palm Harbor,Florida,Anytime Fitness
1119,https://www.anytimefitness.com/locations/gulf-breeze-florida-628,30.38834,-87.06819,Gulf Breeze,Florida,Anytime Fitness
1120,https://www.anytimefitness.com/locations/colorado-springs-colorado-2243,38.92284,-104.84447,Colorado Springs,Colorado,Anytime Fitness
1121,https://www.anytimefitness.com/locations/chicago-illinois-4869,41.980576,-87.6598011,Chicago,Illinois,Anytime Fitness
1122,https://www.anytimefitness.com/locations/lanoka-harbor-new-jersey-4322,39.8522,-74.18396,Lanoka Harbor,New Jersey,Anytime Fitness
1123,https://www.anytimefitness.com/locations/harvard-illinois-2292,42.42177,-88.60408,Harvard,Illinois,Anytime Fitness
1124,https://www.anytimefitness.com/locations/stafford-virginia-5208,38.424538,-77.430045,Stafford,Virginia,Anytime Fitness
1125,https://www.anytimefitness.com/locations/keokuk-iowa-1315,40.41508,-91.40152,Keokuk,Iowa,Anytime Fitness
1126,https://www.anytimefitness.com/locations/lewisville-texas-3962,33.06306,-97.03469,Lewisville,Texas,Anytime Fitness
1127,https://www.anytimefitness.com/locations/carmel-indiana-2155,39.97913,-86.12868,Carmel,Indiana,Anytime Fitness
1128,https://www.anytimefitness.com/locations/gainesville-texas-2723,33.64196,-97.1354,Gainesville,Texas,Anytime Fitness
1129,https://www.anytimefitness.com/locations/greenville-south-carolina-258,34.85017,-82.39782,Greenville,South Carolina,Anytime Fitness
1130,https://www.anytimefitness.com/locations/fargo-north-dakota-422,46.91149,-96.788933,Fargo,North Dakota,Anytime Fitness
1131,https://www.anytimefitness.com/locations/salem-connecticut-4182,41.47847,-72.26552,Salem,Connecticut,Anytime Fitness
1132,https://www.anytimefitness.com/locations/grove-city-ohio-4036,39.90149,-83.07641,Grove City,Ohio,Anytime Fitness
1133,https://www.anytimefitness.com/locations/raleigh-north-carolina-4016,35.8441,-78.61137,Raleigh,North Carolina,Anytime Fitness
1134,https://www.anytimefitness.com/locations/montgomery-texas-3964,30.38708,-95.69402,Montgomery,Texas,Anytime Fitness
1135,https://www.anytimefitness.com/locations/donaldsonville-louisiana-2534,30.096478,-90.932757,Donaldsonville,Louisiana,Anytime Fitness
1136,https://www.anytimefitness.com/locations/brookings-south-dakota-2825,44.29863,-96.76979,Brookings,South Dakota,Anytime Fitness
1137,https://www.anytimefitness.com/locations/huntington-indiana-2100,40.89478,-85.51578,Huntington,Indiana,Anytime Fitness
1138,https://www.anytimefitness.com/locations/post-falls-idaho-503,47.716473,-116.89224,Post Falls,Idaho,Anytime Fitness
1139,https://www.anytimefitness.com/locations/ammon-idaho-311,43.48276,-111.9692,Ammon,Idaho,Anytime Fitness
1140,https://www.anytimefitness.com/locations/indian-land-south-carolina-3824,34.94882,-80.84742,Indian Land,South Carolina,Anytime Fitness
1141,https://www.anytimefitness.com/locations/waterloo-iowa-419,42.46201,-92.33318,Waterloo,Iowa,Anytime Fitness
1142,https://www.anytimefitness.com/locations/bountiful-utah-1177,40.88184,-111.89345,Bountiful,Utah,Anytime Fitness
1143,https://www.anytimefitness.com/locations/long-lake-minnesota-9,44.98809,-93.57793,Long Lake,Minnesota,Anytime Fitness
1144,https://www.anytimefitness.com/locations/richmond-missouri-2798,39.27736,-93.97677,Richmond,Missouri,Anytime Fitness
1145,https://www.anytimefitness.com/locations/yorkville-illinois-632,41.63396,-88.44847,Yorkville,Illinois,Anytime Fitness
1146,https://www.anytimefitness.com/locations/lowell-arkansas-3347,36.25564,-94.13738,Lowell,Arkansas,Anytime Fitness
1147,https://www.anytimefitness.com/locations/st.-francisville-louisiana-4868,30.786196,-91.365074,St. Francisville,Louisiana,Anytime Fitness
1148,https://www.anytimefitness.com/locations/dupont-washington-118,47.10739,-122.62372,Dupont,Washington,Anytime Fitness
1149,https://www.anytimefitness.com/locations/kearney-nebraska-1026,40.72889,-99.07115,Kearney,Nebraska,Anytime Fitness
1150,https://www.anytimefitness.com/locations/canton-texas-1888,32.546247,-95.8585,Canton,Texas,Anytime Fitness
1151,https://www.anytimefitness.com/locations/clarksville-tennessee-3092,36.55226,-87.39521,Clarksville,Tennessee,Anytime Fitness
1152,https://www.anytimefitness.com/locations/mays-landing-new-jersey-4060,39.45252,-74.7287,Mays Landing,New Jersey,Anytime Fitness
1153,https://www.anytimefitness.com/locations/cedar-rapids-iowa-2241,41.97725,-91.61798,Cedar Rapids,Iowa,Anytime Fitness
1154,https://www.anytimefitness.com/locations/concord-township-ohio-3156,41.68005,-81.28263,Concord Township,Ohio,Anytime Fitness
1155,https://www.anytimefitness.com/locations/el-paso-texas-3736,31.772947,-106.368778,El Paso,Texas,Anytime Fitness
1156,https://www.anytimefitness.com/locations/brooklyn-michigan-2736,42.10075,-84.24866,Brooklyn,Michigan,Anytime Fitness
1157,https://www.anytimefitness.com/locations/medina-minnesota-795,45.0459,-93.52674,Medina,Minnesota,Anytime Fitness
1158,https://www.anytimefitness.com/locations/kapa’a-hawaii-5207,22.0633,-159.32103,Kapa’a,Hawaii,Anytime Fitness
1159,https://www.anytimefitness.com/locations/big-lake-minnesota-59,45.331687,-93.739308,Big Lake,Minnesota,Anytime Fitness
1160,https://www.anytimefitness.com/locations/opelousas-louisiana-1644,30.517714,-92.083035,Opelousas,Louisiana,Anytime Fitness
1161,https://www.anytimefitness.com/locations/herndon-virginia-5456,38.926124,-77.376396,Herndon,Virginia,Anytime Fitness
1162,https://www.anytimefitness.com/locations/hoffman-estates-illinois-4131,42.0453,-88.14224,Hoffman Estates,Illinois,Anytime Fitness
1163,https://www.anytimefitness.com/locations/ruston-louisiana-1237,32.5423,-92.63188,Ruston,Louisiana,Anytime Fitness
1164,https://www.anytimefitness.com/locations/spring-texas-2256,30.12586,-95.41948,Spring,Texas,Anytime Fitness
1165,https://www.anytimefitness.com/locations/wasco-california-819,35.60034,-119.35327,Wasco,California,Anytime Fitness
1166,https://www.anytimefitness.com/locations/new-london-wisconsin-957,44.40562,-88.74253,New London,Wisconsin,Anytime Fitness
1167,https://www.anytimefitness.com/locations/yoakum-texas-4746,29.300969,-97.1560353,Yoakum,Texas,Anytime Fitness
1168,https://www.anytimefitness.com/locations/mechanicsville-virginia-4598,37.63683,-77.35743,Mechanicsville,Virginia,Anytime Fitness
1169,https://www.anytimefitness.com/locations/lincoln-california-4377,38.87079,-121.29732,Lincoln,California,Anytime Fitness
1170,https://www.anytimefitness.com/locations/honolulu-hawaii-4945,21.3000245,-157.8567429,Honolulu,Hawaii,Anytime Fitness
1171,https://www.anytimefitness.com/locations/decorah-iowa-264,43.28949,-91.79566,Decorah,Iowa,Anytime Fitness
1172,https://www.anytimefitness.com/locations/concord-california-3221,37.97859,-122.05732,Concord,California,Anytime Fitness
1173,https://www.anytimefitness.com/locations/anthem-arizona-4179,33.86937,-112.15132,Anthem,Arizona,Anytime Fitness
1174,https://www.anytimefitness.com/locations/ramona-california-3967,33.04303,-116.86649,Ramona,California,Anytime Fitness
1175,https://www.anytimefitness.com/locations/charlotte-north-carolina-2459,35.36498,-80.78674,Charlotte,North Carolina,Anytime Fitness
1176,https://www.anytimefitness.com/locations/georgetown-south-carolina-3010,33.38424,-79.288,Georgetown,South Carolina,Anytime Fitness
1177,https://www.anytimefitness.com/locations/saratoga-springs-new-york-4733,43.08131,-73.80378,Saratoga Springs,New York,Anytime Fitness
1178,https://www.anytimefitness.com/locations/san-antonio-texas-5036,29.574233,-98.439293,San Antonio,Texas,Anytime Fitness
1179,https://www.anytimefitness.com/locations/seattle-washington-106,47.64919,-122.34825,Seattle,Washington,Anytime Fitness
1180,https://www.anytimefitness.com/locations/lincoln-nebraska-4764,40.737065,-96.683212,Lincoln,Nebraska,Anytime Fitness
1181,https://www.anytimefitness.com/locations/madison-wisconsin-2104,43.07229,-89.39884,Madison,Wisconsin,Anytime Fitness
1182,https://www.anytimefitness.com/locations/clarkston-michigan-5129,42.722769,-83.427452,Clarkston,Michigan,Anytime Fitness
1183,https://www.anytimefitness.com/locations/chesterton-indiana-3346,41.61742,-87.03725,Chesterton,Indiana,Anytime Fitness
1184,https://www.anytimefitness.com/locations/austin-texas-2485,30.40155,-97.85342,Austin,Texas,Anytime Fitness
1185,https://www.anytimefitness.com/locations/killeen-texas-3717,31.083682,-97.780325,Killeen,Texas,Anytime Fitness
1186,https://www.anytimefitness.com/locations/cambridge-minnesota-1,45.57232,-93.22476,Cambridge,Minnesota,Anytime Fitness
1187,https://www.anytimefitness.com/locations/siloam-springs-arkansas-2166,36.17346,-94.54089,Siloam Springs,Arkansas,Anytime Fitness
1188,https://www.anytimefitness.com/locations/whitewater-wisconsin-1925,42.83445,-88.75043,Whitewater,Wisconsin,Anytime Fitness
1189,https://www.anytimefitness.com/locations/sausalito-california-4356,37.872218,-122.511002,Sausalito,California,Anytime Fitness
1190,https://www.anytimefitness.com/locations/cedar-bluff-virginia-4836,37.0667619,-81.7592269,Cedar Bluff,Virginia,Anytime Fitness
1191,https://www.anytimefitness.com/locations/hazel-crest-illinois-4380,41.55784,-87.69599,Hazel Crest,Illinois,Anytime Fitness
1192,https://www.anytimefitness.com/locations/layton-utah-703,41.10017,-111.94225,Layton,Utah,Anytime Fitness
1193,https://www.anytimefitness.com/locations/conifer-colorado-1097,39.51946,-105.3073,Conifer,Colorado,Anytime Fitness
1194,https://www.anytimefitness.com/locations/peoria-arizona-4417,33.70774,-112.27475,Peoria,Arizona,Anytime Fitness
1195,https://www.anytimefitness.com/locations/huxley-iowa-1962,41.89974,-93.60369,Huxley,Iowa,Anytime Fitness
1196,https://www.anytimefitness.com/locations/klamath-falls-oregon-1550,42.21205,-121.75309,Klamath Falls,Oregon,Anytime Fitness
1197,https://www.anytimefitness.com/locations/moorhead-minnesota-1737,46.834953,-96.76578,Moorhead,Minnesota,Anytime Fitness
1198,https://www.anytimefitness.com/locations/owens-cross-roads-alabama-1266,34.657482,-86.489393,Owens Cross Roads,Alabama,Anytime Fitness
1199,https://www.anytimefitness.com/locations/san-tan-valley-arizona-262,33.16139,-111.56083,San Tan Valley,Arizona,Anytime Fitness
1200,https://www.anytimefitness.com/locations/ocilla-georgia-2605,31.59431,-83.24919,Ocilla,Georgia,Anytime Fitness
1201,https://www.anytimefitness.com/locations/edmond-oklahoma-4887,35.637836,-97.481124,Edmond,Oklahoma,Anytime Fitness
1202,https://www.anytimefitness.com/locations/indianapolis-indiana-2154,39.76593,-86.15545,Indianapolis,Indiana,Anytime Fitness
1203,https://www.anytimefitness.com/locations/franklin-tennessee-3084,35.9087,-86.88439,Franklin,Tennessee,Anytime Fitness
1204,https://www.anytimefitness.com/locations/sun-city-center-florida-5173,27.71505,-82.37441,Sun City Center,Florida,Anytime Fitness
1205,https://www.anytimefitness.com/locations/st.-paul-minnesota-2074,44.940116,-93.145021,St. Paul,Minnesota,Anytime Fitness
1206,https://www.anytimefitness.com/locations/mount-pleasant-texas-2656,33.14937,-94.9706,Mount Pleasant,Texas,Anytime Fitness
1207,https://www.anytimefitness.com/locations/canfield-ohio-3572,41.025644,-80.737645,Canfield,Ohio,Anytime Fitness
1208,https://www.anytimefitness.com/locations/dumas-texas-3564,35.86508,-101.96262,Dumas,Texas,Anytime Fitness
1209,https://www.anytimefitness.com/locations/camden-arkansas-2524,33.58399,-92.85062,Camden,Arkansas,Anytime Fitness
1210,https://www.anytimefitness.com/locations/riverview-florida-3291,27.85458,-82.31612,Riverview,Florida,Anytime Fitness
1211,https://www.anytimefitness.com/locations/pineville-louisiana-1067,31.37053,-92.40835,Pineville,Louisiana,Anytime Fitness
1212,https://www.anytimefitness.com/locations/center-texas-5402,31.810967,-94.192327,Center,Texas,Anytime Fitness
1213,https://www.anytimefitness.com/locations/san-antonio-texas-3775,29.51711,-98.6613,San Antonio,Texas,Anytime Fitness
1214,https://www.anytimefitness.com/locations/lady-lake-florida-3011,28.9158,-81.93191,Lady Lake,Florida,Anytime Fitness
1215,https://www.anytimefitness.com/locations/ormond-beach-florida-2063,29.28517,-81.08462,Ormond Beach,Florida,Anytime Fitness
1216,https://www.anytimefitness.com/locations/waukesha-wisconsin-2836,43.02924,-88.18634,Waukesha,Wisconsin,Anytime Fitness
1217,https://www.anytimefitness.com/locations/birmingham-alabama-2680,33.5724,-86.90769,Birmingham,Alabama,Anytime Fitness
1218,https://www.anytimefitness.com/locations/lecanto-florida-2958,28.901287,-82.478861,Lecanto,Florida,Anytime Fitness
1219,https://www.anytimefitness.com/locations/lake-stevens-washington-948,47.9967,-122.10258,Lake Stevens,Washington,Anytime Fitness
1220,https://www.anytimefitness.com/locations/bear-delaware-2793,39.63469,-75.66177,Bear,Delaware,Anytime Fitness
1221,https://www.anytimefitness.com/locations/pearsall-texas-4345,28.898175,-99.093033,Pearsall,Texas,Anytime Fitness
1222,https://www.anytimefitness.com/locations/tupelo-mississippi-116,34.25557,-88.74387,Tupelo,Mississippi,Anytime Fitness
1223,https://www.anytimefitness.com/locations/huntsville-alabama-5609,34.726806,-86.656052,Huntsville,Alabama,Anytime Fitness
1224,https://www.anytimefitness.com/locations/rayville-louisiana-2556,32.45967,-91.76081,Rayville,Louisiana,Anytime Fitness
1225,https://www.anytimefitness.com/locations/minneapolis-minnesota-326,44.97171,-93.21801,Minneapolis,Minnesota,Anytime Fitness
1226,https://www.anytimefitness.com/locations/new-richmond-wisconsin-775,45.12013,-92.5385,New Richmond,Wisconsin,Anytime Fitness
1227,https://www.anytimefitness.com/locations/cuba-missouri-5290,38.069094,-91.405331,Cuba,Missouri,Anytime Fitness
1228,https://www.anytimefitness.com/locations/englewood-colorado-3722,39.654636,-104.989911,Englewood,Colorado,Anytime Fitness
1229,https://www.anytimefitness.com/locations/wexford-pennsylvania-4324,40.58581,-80.04576,Wexford,Pennsylvania,Anytime Fitness
1230,https://www.anytimefitness.com/locations/clermont-florida-685,28.34828,-81.66478,Clermont,Florida,Anytime Fitness
1231,https://www.anytimefitness.com/locations/firestone-colorado-2555,40.16,-104.97186,Firestone,Colorado,Anytime Fitness
1232,https://www.anytimefitness.com/locations/dallas-texas-1333,32.7499,-96.82822,Dallas,Texas,Anytime Fitness
1233,https://www.anytimefitness.com/locations/lapine-oregon-921,43.675836,-121.500365,LaPine,Oregon,Anytime Fitness
1234,https://www.anytimefitness.com/locations/decatur-texas-3057,33.22493,-97.59021,Decatur,Texas,Anytime Fitness
1235,https://www.anytimefitness.com/locations/sullivan-missouri-4358,38.21989,-91.15971,Sullivan,Missouri,Anytime Fitness
1236,https://www.anytimefitness.com/locations/alexandria-louisiana-1068,31.29367,-92.5157,Alexandria,Louisiana,Anytime Fitness
1237,https://www.anytimefitness.com/locations/amarillo-texas-3565,35.14775,-101.87983,Amarillo,Texas,Anytime Fitness
1238,https://www.anytimefitness.com/locations/red-lion-pennsylvania-2147,39.91995,-76.62995,Red Lion,Pennsylvania,Anytime Fitness
1239,https://www.anytimefitness.com/locations/charlestown-indiana-1842,38.456329,-85.672137,Charlestown,Indiana,Anytime Fitness
1240,https://www.anytimefitness.com/locations/fargo-north-dakota-421,46.85264,-96.86365,Fargo,North Dakota,Anytime Fitness
1241,https://www.anytimefitness.com/locations/richmond-virginia-4307,37.65577,-77.61449,Richmond,Virginia,Anytime Fitness
1242,https://www.anytimefitness.com/locations/shreveport-louisiana-4473,32.35556,-93.71481,Shreveport,Louisiana,Anytime Fitness
1243,https://www.anytimefitness.com/locations/sarasota-florida-4919,27.391735,-82.50422,Sarasota,Florida,Anytime Fitness
1244,https://www.anytimefitness.com/locations/deltona-florida-3150,28.90363,-81.17207,Deltona,Florida,Anytime Fitness
1245,https://www.anytimefitness.com/locations/browns-mills-new-jersey-2912,39.97505,-74.57957,Browns Mills,New Jersey,Anytime Fitness
1246,https://www.anytimefitness.com/locations/columbia-south-carolina-876,33.99798,-81.00315,Columbia,South Carolina,Anytime Fitness
1247,https://www.anytimefitness.com/locations/cave-creek-arizona-4782,33.757009624,-111.99261269,Cave Creek,Arizona,Anytime Fitness
1248,https://www.anytimefitness.com/locations/fountain-colorado-1780,38.73838,-104.73404,Fountain,Colorado,Anytime Fitness
1249,https://www.anytimefitness.com/locations/garland-texas-4674,32.984258,-96.681472,Garland,Texas,Anytime Fitness
1250,https://www.anytimefitness.com/locations/lewiston-idaho-917,46.39073,-116.99071,Lewiston,Idaho,Anytime Fitness
1251,https://www.anytimefitness.com/locations/platteville-wisconsin-3172,42.72799,-90.47447,Platteville,Wisconsin,Anytime Fitness
1252,https://www.anytimefitness.com/locations/columbus-indiana-1736,39.21531,-85.88243,Columbus,Indiana,Anytime Fitness
1253,https://www.anytimefitness.com/locations/whitehouse-texas-2494,32.2348,-95.22886,Whitehouse,Texas,Anytime Fitness
1254,https://www.anytimefitness.com/locations/st.-clair-missouri-5119,38.350155,-90.984581,St. Clair,Missouri,Anytime Fitness
1255,https://www.anytimefitness.com/locations/normal-illinois-3533,40.532424,-88.99129,Normal,Illinois,Anytime Fitness
1256,https://www.anytimefitness.com/locations/bel-air-maryland-1784,39.5484,-76.31538,Bel Air,Maryland,Anytime Fitness
1257,https://www.anytimefitness.com/locations/willmar-minnesota-31,45.103908,-95.039528,Willmar,Minnesota,Anytime Fitness
1258,https://www.anytimefitness.com/locations/stayton-oregon-613,44.80171,-122.79494,Stayton,Oregon,Anytime Fitness
1259,https://www.anytimefitness.com/locations/seekonk-massachusetts-5457,41.798367,-71.335533,Seekonk,Massachusetts,Anytime Fitness
1260,https://www.anytimefitness.com/locations/spanish-springs-nevada-2322,39.60737,-119.69559,Spanish Springs,Nevada,Anytime Fitness
1261,https://www.anytimefitness.com/locations/troutdale-oregon-4707,45.5181415481,-122.38593925,Troutdale,Oregon,Anytime Fitness
1262,https://www.anytimefitness.com/locations/kapolei-hawaii-3517,21.338,-158.07794,Kapolei,Hawaii,Anytime Fitness
1263,https://www.anytimefitness.com/locations/alamogordo-new-mexico-2048,32.87429,-105.96074,Alamogordo,New Mexico,Anytime Fitness
1264,https://www.anytimefitness.com/locations/corvallis-oregon-638,44.57679,-123.27458,Corvallis,Oregon,Anytime Fitness
1265,https://www.anytimefitness.com/locations/san-diego-california-5249,32.749736,-117.167243,San Diego,California,Anytime Fitness
1266,https://www.anytimefitness.com/locations/tujunga-california-5467,34.248471,-118.289066,Tujunga,California,Anytime Fitness
1267,https://www.anytimefitness.com/locations/winder-georgia-696,33.982178,-83.712722,Winder,Georgia,Anytime Fitness
1268,https://www.anytimefitness.com/locations/charlotte-north-carolina-4913,35.193913,-80.782039,Charlotte,North Carolina,Anytime Fitness
1269,https://www.anytimefitness.com/locations/belle-vernon-pennsylvania-4288,40.13626,-79.83757,Belle Vernon,Pennsylvania,Anytime Fitness
1270,https://www.anytimefitness.com/locations/sunnyside-washington-1056,46.325081,-119.997285,Sunnyside,Washington,Anytime Fitness
1271,https://www.anytimefitness.com/locations/eaton-ohio-3284,39.758227,-84.635886,Eaton,Ohio,Anytime Fitness
1272,https://www.anytimefitness.com/locations/huntsville-texas-4190,30.70669,-95.5478,Huntsville,Texas,Anytime Fitness
1273,https://www.anytimefitness.com/locations/st.-paul-minnesota-971,44.94,-93.09972,St. Paul,Minnesota,Anytime Fitness
1274,https://www.anytimefitness.com/locations/warwick-rhode-island-2788,41.71829,-71.46532,Warwick,Rhode Island,Anytime Fitness
1275,https://www.anytimefitness.com/locations/asheville-north-carolina-2064,35.58828,-82.58587,Asheville,North Carolina,Anytime Fitness
1276,https://www.anytimefitness.com/locations/tipton-indiana-3694,40.28132,-86.04616,Tipton,Indiana,Anytime Fitness
1277,https://www.anytimefitness.com/locations/port-lavaca-texas-3412,28.63234,-96.62878,Port Lavaca,Texas,Anytime Fitness
1278,https://www.anytimefitness.com/locations/bossier-city-louisiana-427,32.449014,-93.654018,Bossier City,Louisiana,Anytime Fitness
1279,https://www.anytimefitness.com/locations/new-orleans-louisiana-1393,29.96102,-90.03818,New Orleans,Louisiana,Anytime Fitness
1280,https://www.anytimefitness.com/locations/stewartville-minnesota-1740,43.868061,-92.489354,Stewartville,Minnesota,Anytime Fitness
1281,https://www.anytimefitness.com/locations/sandstone-minnesota-3823,46.13262,-92.86638,Sandstone,Minnesota,Anytime Fitness
1282,https://www.anytimefitness.com/locations/vancouver-washington-5392,45.66668,-122.60275,Vancouver,Washington,Anytime Fitness
1283,https://www.anytimefitness.com/locations/knoxville-tennessee-4670,35.942443,-84.165088,Knoxville,Tennessee,Anytime Fitness
1284,https://www.anytimefitness.com/locations/greeley-colorado-2126,40.42188,-104.75975,Greeley,Colorado,Anytime Fitness
1285,https://www.anytimefitness.com/locations/pasco-washington-5376,46.280418,-119.211225,Pasco,Washington,Anytime Fitness
1286,https://www.anytimefitness.com/locations/ramsey-minnesota-527,45.236611,-93.471385,Ramsey,Minnesota,Anytime Fitness
1287,https://www.anytimefitness.com/locations/georgetown-texas-1044,30.68406,-97.72191,Georgetown,Texas,Anytime Fitness
1288,https://www.anytimefitness.com/locations/thibodaux-louisiana-241,29.80126,-90.81985,Thibodaux,Louisiana,Anytime Fitness
1289,https://www.anytimefitness.com/locations/renton-washington-4171,47.48426,-122.216,Renton,Washington,Anytime Fitness
1290,https://www.anytimefitness.com/locations/galt-california-5302,38.290418,-121.300147,Galt,California,Anytime Fitness
1291,https://www.anytimefitness.com/locations/cambridge-ohio-5023,39.996162,-81.573845,Cambridge,Ohio,Anytime Fitness
1292,https://www.anytimefitness.com/locations/santa-rosa-california-1352,38.40684,-122.71536,Santa Rosa,California,Anytime Fitness
1293,https://www.anytimefitness.com/locations/durham-north-carolina-5330,36.027312,-78.841951,Durham,North Carolina,Anytime Fitness
1294,https://www.anytimefitness.com/locations/hutchinson-minnesota-6,44.87838,-94.37701,Hutchinson,Minnesota,Anytime Fitness
1295,https://www.anytimefitness.com/locations/philadelphia-pennsylvania-4978,40.07294,-75.195029,Philadelphia,Pennsylvania,Anytime Fitness
1296,https://www.anytimefitness.com/locations/washington-pennsylvania-3440,40.189964,-80.220364,Washington,Pennsylvania,Anytime Fitness
1297,https://www.anytimefitness.com/locations/riverside-california-1642,33.90484,-117.49469,Riverside,California,Anytime Fitness
1298,https://www.anytimefitness.com/locations/villanova-pennsylvania-3648,40.03651,-75.35059,Villanova,Pennsylvania,Anytime Fitness
1299,https://www.anytimefitness.com/locations/avon-park-florida-2205,27.58556,-81.51567,Avon Park,Florida,Anytime Fitness
1300,https://www.anytimefitness.com/locations/phoenix-arizona-3951,33.56673,-112.07299,Phoenix,Arizona,Anytime Fitness
1301,https://www.anytimefitness.com/locations/haltom-city-texas-3318,32.86024,-97.27621,Haltom City,Texas,Anytime Fitness
1302,https://www.anytimefitness.com/locations/waterford-michigan-4825,42.6386039,-83.353251,Waterford,Michigan,Anytime Fitness
1303,https://www.anytimefitness.com/locations/linthicum-maryland-3644,39.22503,-76.66369,Linthicum,Maryland,Anytime Fitness
1304,https://www.anytimefitness.com/locations/noblesville-indiana-4072,40.04951,-86.01897,Noblesville,Indiana,Anytime Fitness
1305,https://www.anytimefitness.com/locations/elkins-west-virginia-3828,38.8956,-79.844,Elkins,West Virginia,Anytime Fitness
1306,https://www.anytimefitness.com/locations/amherst-ohio-2293,41.41364,-82.23956,Amherst,Ohio,Anytime Fitness
1307,https://www.anytimefitness.com/locations/rifle-colorado-5086,39.5238,-107.77,Rifle,Colorado,Anytime Fitness
1308,https://www.anytimefitness.com/locations/nampa-idaho-905,43.59095,-116.58332,Nampa,Idaho,Anytime Fitness
1309,https://www.anytimefitness.com/locations/fort-atkinson-wisconsin-1750,42.9307,-88.83897,Fort Atkinson,Wisconsin,Anytime Fitness
1310,https://www.anytimefitness.com/locations/toledo-iowa-481,41.98646,-92.57927,Toledo,Iowa,Anytime Fitness
1311,https://www.anytimefitness.com/locations/lovingston-virginia-1396,37.75319,-78.8781,Lovingston,Virginia,Anytime Fitness
1312,https://www.anytimefitness.com/locations/saline-michigan-5345,42.191376,-83.734823,Saline,Michigan,Anytime Fitness
1313,https://www.anytimefitness.com/locations/grantsville-utah-998,40.60089,-112.45638,Grantsville,Utah,Anytime Fitness
1314,https://www.anytimefitness.com/locations/arlington-texas-3519,32.72199,-97.15117,Arlington,Texas,Anytime Fitness
1315,https://www.anytimefitness.com/locations/south-holland-illinois-4033,41.60042,-87.59546,South Holland,Illinois,Anytime Fitness
1316,https://www.anytimefitness.com/locations/plainfield-illinois-4326,41.63679,-88.20024,Plainfield,Illinois,Anytime Fitness
1317,https://www.anytimefitness.com/locations/tecumseh-michigan-3660,42.005526,-83.967159,Tecumseh,Michigan,Anytime Fitness
1318,https://www.anytimefitness.com/locations/liberty-missouri-206,39.25599,-94.45094,Liberty,Missouri,Anytime Fitness
1319,https://www.anytimefitness.com/locations/blythewood-south-carolina-934,34.21535,-80.98688,Blythewood,South Carolina,Anytime Fitness
1320,https://www.anytimefitness.com/locations/middletown-rhode-island-4328,41.52067,-71.29117,Middletown,Rhode Island,Anytime Fitness
1321,https://www.anytimefitness.com/locations/ebensburg-pennsylvania-3205,40.469579,-78.758416,Ebensburg,Pennsylvania,Anytime Fitness
1322,https://www.anytimefitness.com/locations/ripley-west-virginia-3081,38.823348,-81.724598,Ripley,West Virginia,Anytime Fitness
1323,https://www.anytimefitness.com/locations/springfield-virginia-4894,38.7804574,-77.1836719,Springfield,Virginia,Anytime Fitness
1324,https://www.anytimefitness.com/locations/el-paso-texas-3735,31.920106,-106.440235,El Paso,Texas,Anytime Fitness
1325,https://www.anytimefitness.com/locations/houma-louisiana-4631,29.578604,-90.690653,Houma,Louisiana,Anytime Fitness
1326,https://www.anytimefitness.com/locations/byron-minnesota-4258,44.03051,-92.6338,Byron,Minnesota,Anytime Fitness
1327,https://www.anytimefitness.com/locations/overland-park-kansas-5394,38.99068,-94.668391,Overland Park,Kansas,Anytime Fitness
1328,https://www.anytimefitness.com/locations/chesapeake-virginia-3878,36.72471,-76.29647,Chesapeake,Virginia,Anytime Fitness
1329,https://www.anytimefitness.com/locations/portland-maine-2878,43.70382,-70.28881,Portland,Maine,Anytime Fitness
1330,https://www.anytimefitness.com/locations/cartersville-georgia-1510,34.19544,-84.79648,Cartersville,Georgia,Anytime Fitness
1331,https://www.anytimefitness.com/locations/eagle-idaho-1140,43.69169,-116.35228,Eagle,Idaho,Anytime Fitness
1332,https://www.anytimefitness.com/locations/bowie-texas-5018,33.568887,-97.835722,Bowie,Texas,Anytime Fitness
1333,https://www.anytimefitness.com/locations/pukalani-hawaii-3279,20.82198,-156.32963,Pukalani,Hawaii,Anytime Fitness
1334,https://www.anytimefitness.com/locations/new-orleans-louisiana-1539,29.97994,-90.10909,New Orleans,Louisiana,Anytime Fitness
1335,https://www.anytimefitness.com/locations/oklahoma-city-oklahoma-2407,35.49341,-97.52162,Oklahoma City,Oklahoma,Anytime Fitness
1336,https://www.anytimefitness.com/locations/clearwater-florida-3252,28.04752,-82.74006,Clearwater,Florida,Anytime Fitness
1337,https://www.anytimefitness.com/locations/fort-worth-texas-3523,32.72614,-97.34387,Fort Worth,Texas,Anytime Fitness
1338,https://www.anytimefitness.com/locations/hinesville-georgia-3476,31.84158,-81.60093,Hinesville,Georgia,Anytime Fitness
1339,https://www.anytimefitness.com/locations/albertville-minnesota-62,45.246523,-93.671399,Albertville,Minnesota,Anytime Fitness
1340,https://www.anytimefitness.com/locations/ossining-new-york-4704,41.14401,-73.86182,Ossining,New York,Anytime Fitness
1341,https://www.anytimefitness.com/locations/university-heights-ohio-2744,41.50071,-81.55536,University Heights,Ohio,Anytime Fitness
1342,https://www.anytimefitness.com/locations/dickinson-north-dakota-779,46.902773,-102.795097,Dickinson,North Dakota,Anytime Fitness
1343,https://www.anytimefitness.com/locations/woodburn-oregon-1439,45.15293,-122.87491,Woodburn,Oregon,Anytime Fitness
1344,https://www.anytimefitness.com/locations/monterey-california-4302,36.61119,-121.90007,Monterey,California,Anytime Fitness
1345,https://www.anytimefitness.com/locations/durham-north-carolina-3232,35.97439,-78.79356,Durham,North Carolina,Anytime Fitness
1346,https://www.anytimefitness.com/locations/springfield-ohio-1013,39.92132,-83.74973,Springfield,Ohio,Anytime Fitness
1347,https://www.anytimefitness.com/locations/mashpee-massachusetts-3239,41.61058,-70.49162,Mashpee,Massachusetts,Anytime Fitness
1348,https://www.anytimefitness.com/locations/napoleon-ohio-4728,41.40022,-84.13178,Napoleon,Ohio,Anytime Fitness
1349,https://www.anytimefitness.com/locations/ely-nevada-2646,39.24704,-114.87064,Ely,Nevada,Anytime Fitness
1350,https://www.anytimefitness.com/locations/kaukauna-wisconsin-510,44.25944,-88.27109,Kaukauna,Wisconsin,Anytime Fitness
1351,https://www.anytimefitness.com/locations/virginia-beach-virginia-2553,36.74988,-76.01052,Virginia Beach,Virginia,Anytime Fitness
1352,https://www.anytimefitness.com/locations/toppenish-washington-3972,46.374166,-120.321079,Toppenish,Washington,Anytime Fitness
1353,https://www.anytimefitness.com/locations/dearborn-heights-michigan-4627,42.327526,-83.298304,Dearborn Heights,Michigan,Anytime Fitness
1354,https://www.anytimefitness.com/locations/oak-forest-illinois-4158,41.604387,-87.755634,Oak Forest,Illinois,Anytime Fitness
1355,https://www.anytimefitness.com/locations/la-crosse-wisconsin-3410,43.81146,-91.25034,La Crosse,Wisconsin,Anytime Fitness
1356,https://www.anytimefitness.com/locations/mesquite-texas-1148,32.76413,-96.58416,Mesquite,Texas,Anytime Fitness
1357,https://www.anytimefitness.com/locations/cape-coral-florida-1518,26.60237,-81.97474,Cape Coral,Florida,Anytime Fitness
1358,https://www.anytimefitness.com/locations/peru-illinois-2847,41.33928,-89.11927,Peru,Illinois,Anytime Fitness
1359,https://www.anytimefitness.com/locations/alexander-city-alabama-2446,32.94523,-85.95396,Alexander City,Alabama,Anytime Fitness
1360,https://www.anytimefitness.com/locations/harker-heights-texas-4046,31.07447,-97.65482,Harker Heights,Texas,Anytime Fitness
1361,https://www.anytimefitness.com/locations/castle-hills-texas-3734,29.53505,-98.52179,Castle Hills,Texas,Anytime Fitness
1362,https://www.anytimefitness.com/locations/lancaster-south-carolina-2082,34.73346,-80.79367,Lancaster,South Carolina,Anytime Fitness
1363,https://www.anytimefitness.com/locations/mt.-pleasant-iowa-1340,40.97486,-91.53683,Mt. Pleasant,Iowa,Anytime Fitness
1364,https://www.anytimefitness.com/locations/glenshaw-pennsylvania-2943,40.539,-79.96198,Glenshaw,Pennsylvania,Anytime Fitness
1365,https://www.anytimefitness.com/locations/lago-vista-texas-4411,30.481355,-97.975378,Lago Vista,Texas,Anytime Fitness
1366,https://www.anytimefitness.com/locations/bellbrook-ohio-2541,39.646276,-84.107911,Bellbrook,Ohio,Anytime Fitness
1367,https://www.anytimefitness.com/locations/alpharetta-georgia-87,34.13949,-84.24751,Alpharetta,Georgia,Anytime Fitness
1368,https://www.anytimefitness.com/locations/lewisville-north-carolina-5484,36.10064,-80.411437,Lewisville,North Carolina,Anytime Fitness
1369,https://www.anytimefitness.com/locations/sacramento-california-1724,38.55479,-121.42924,Sacramento,California,Anytime Fitness
1370,https://www.anytimefitness.com/locations/somers-new-york-1782,41.325726,-73.688307,Somers,New York,Anytime Fitness
1371,https://www.anytimefitness.com/locations/decatur-georgia-1374,33.683483,-84.232864,Decatur,Georgia,Anytime Fitness
1372,https://www.anytimefitness.com/locations/independence-oregon-1738,44.8502,-123.2061,Independence,Oregon,Anytime Fitness
1373,https://www.anytimefitness.com/locations/wytheville-virginia-4744,36.95598,-81.0955,Wytheville,Virginia,Anytime Fitness
1374,https://www.anytimefitness.com/locations/mount-lookout-ohio-1973,39.1157,-84.43801,Mount Lookout,Ohio,Anytime Fitness
1375,https://www.anytimefitness.com/locations/front-royal-virginia-1429,38.963391,-78.188428,Front Royal,Virginia,Anytime Fitness
1376,https://www.anytimefitness.com/locations/texarkana-arkansas-1236,33.47472,-94.01924,Texarkana,Arkansas,Anytime Fitness
1377,https://www.anytimefitness.com/locations/terre-haute-indiana-2040,39.47339,-87.36041,Terre Haute,Indiana,Anytime Fitness
1378,https://www.anytimefitness.com/locations/gatesville-texas-2884,31.43541,-97.74112,Gatesville,Texas,Anytime Fitness
1379,https://www.anytimefitness.com/locations/crawfordville-florida-1416,30.19377,-84.37232,Crawfordville,Florida,Anytime Fitness
1380,https://www.anytimefitness.com/locations/lebanon-indiana-1289,40.06727,-86.47499,Lebanon,Indiana,Anytime Fitness
1381,https://www.anytimefitness.com/locations/richmond-texas-4299,29.6622,-95.74371,Richmond,Texas,Anytime Fitness
1382,https://www.anytimefitness.com/locations/madison-south-dakota-4886,44.004751,-97.114179,Madison,South Dakota,Anytime Fitness
1383,https://www.anytimefitness.com/locations/victorville-california-1011,34.46934,-117.35479,Victorville,California,Anytime Fitness
1384,https://www.anytimefitness.com/locations/bloomington-minnesota-1700,44.82478,-93.34726,Bloomington,Minnesota,Anytime Fitness
1385,https://www.anytimefitness.com/locations/owatonna-minnesota-84,44.0961,-93.23446,Owatonna,Minnesota,Anytime Fitness
1386,https://www.anytimefitness.com/locations/romeoville-illinois-3600,41.62234,-88.12576,Romeoville,Illinois,Anytime Fitness
1387,https://www.anytimefitness.com/locations/northwood-new-hampshire-2611,43.19885,-71.15733,Northwood,New Hampshire,Anytime Fitness
1388,https://www.anytimefitness.com/locations/dallas-pennsylvania-3609,41.34774,-75.9598,Dallas,Pennsylvania,Anytime Fitness
1389,https://www.anytimefitness.com/locations/washington-court-house-ohio-3005,39.54663,-83.4253,Washington Court House,Ohio,Anytime Fitness
1390,https://www.anytimefitness.com/locations/culver-city-california-2542,34.006544,-118.4123999,Culver City,California,Anytime Fitness
1391,https://www.anytimefitness.com/locations/indianola-iowa-502,41.36367,-93.55816,Indianola,Iowa,Anytime Fitness
1392,https://www.anytimefitness.com/locations/rushville-indiana-320,39.60511,-85.44385,Rushville,Indiana,Anytime Fitness
1393,https://www.anytimefitness.com/locations/largo-florida-1640,27.87921,-82.83309,Largo,Florida,Anytime Fitness
1394,https://www.anytimefitness.com/locations/cleveland-texas-4200,30.329374,-95.09746,Cleveland,Texas,Anytime Fitness
1395,https://www.anytimefitness.com/locations/salisbury-north-carolina-4822,35.650765,-80.461542,Salisbury,North Carolina,Anytime Fitness
1396,https://www.anytimefitness.com/locations/rogers-minnesota-143,45.21084,-93.5552,Rogers,Minnesota,Anytime Fitness
1397,https://www.anytimefitness.com/locations/maricopa-arizona-117,33.07165,-112.04656,Maricopa,Arizona,Anytime Fitness
1398,https://www.anytimefitness.com/locations/becker-minnesota-144,45.39016,-93.86972,Becker,Minnesota,Anytime Fitness
1399,https://www.anytimefitness.com/locations/kirkland-washington-3227,47.66473,-122.16583,Kirkland,Washington,Anytime Fitness
1400,https://www.anytimefitness.com/locations/sammamish-washington-3825,47.56595,-122.00548,Sammamish,Washington,Anytime Fitness
1401,https://www.anytimefitness.com/locations/white-rock-new-mexico-5371,35.8275207,-106.2063997,White Rock,New Mexico,Anytime Fitness
1402,https://www.anytimefitness.com/locations/san-diego-california-4634,32.746256,-117.210026,San Diego,California,Anytime Fitness
1403,https://www.anytimefitness.com/locations/rochester-minnesota-4243,44.066496,-92.509187,Rochester,Minnesota,Anytime Fitness
1404,https://www.anytimefitness.com/locations/reno-nevada-4271,39.52172,-119.81121,Reno,Nevada,Anytime Fitness
1405,https://www.anytimefitness.com/locations/mandeville-louisiana-61,30.375548,-90.053854,Mandeville,Louisiana,Anytime Fitness
1406,https://www.anytimefitness.com/locations/arlington-texas-4170,32.682182,-97.194966,Arlington,Texas,Anytime Fitness
1407,https://www.anytimefitness.com/locations/windsor-california-735,38.550037,-122.804631,Windsor,California,Anytime Fitness
1408,https://www.anytimefitness.com/locations/mccordsville-indiana-5311,39.928203,-85.916522,McCordsville,Indiana,Anytime Fitness
1409,https://www.anytimefitness.com/locations/harriman-tennessee-3359,35.91589,-84.575464,Harriman,Tennessee,Anytime Fitness
1410,https://www.anytimefitness.com/locations/medford-oregon-1032,42.328897,-122.872242,Medford,Oregon,Anytime Fitness
1411,https://www.anytimefitness.com/locations/brownwood-texas-2340,31.72873,-98.98037,Brownwood,Texas,Anytime Fitness
1412,https://www.anytimefitness.com/locations/oakdale-minnesota-253,44.96033,-92.962047,Oakdale,Minnesota,Anytime Fitness
1413,https://www.anytimefitness.com/locations/abbeville-louisiana-2233,29.970639,-92.092833,Abbeville,Louisiana,Anytime Fitness
1414,https://www.anytimefitness.com/locations/sheboygan-wisconsin-254,43.7253,-87.73321,Sheboygan,Wisconsin,Anytime Fitness
1415,https://www.anytimefitness.com/locations/bargersville-indiana-3944,39.52141,-86.1595,Bargersville,Indiana,Anytime Fitness
1416,https://www.anytimefitness.com/locations/cameron-park-california-3144,38.66059,-120.96758,Cameron Park,California,Anytime Fitness
1417,https://www.anytimefitness.com/locations/burlington-north-carolina-2852,36.067634,-79.515152,Burlington,North Carolina,Anytime Fitness
1418,https://www.anytimefitness.com/locations/barnesville-georgia-3367,33.03389,-84.15346,Barnesville,Georgia,Anytime Fitness
1419,https://www.anytimefitness.com/locations/malvern-arkansas-953,34.37323,-92.82494,Malvern,Arkansas,Anytime Fitness
1420,https://www.anytimefitness.com/locations/vidor-texas-2291,30.13703,-94.01688,Vidor,Texas,Anytime Fitness
1421,https://www.anytimefitness.com/locations/clayton-north-carolina-4614,35.64904,-78.39479,Clayton,North Carolina,Anytime Fitness
1422,https://www.anytimefitness.com/locations/bristol-rhode-island-4620,41.694,-71.26243,Bristol,Rhode Island,Anytime Fitness
1423,https://www.anytimefitness.com/locations/arlington-virginia-4710,38.89778,-77.07072,Arlington,Virginia,Anytime Fitness
1424,https://www.anytimefitness.com/locations/foley-alabama-3343,30.34328,-87.6818,Foley,Alabama,Anytime Fitness
1425,https://www.anytimefitness.com/locations/gonzales-california-5498,36.515355,-121.435566,Gonzales,California,Anytime Fitness
1426,https://www.anytimefitness.com/locations/garland-texas-1193,32.93616,-96.60039,Garland,Texas,Anytime Fitness
1427,https://www.anytimefitness.com/locations/sioux-falls-south-dakota-4766,43.563072,-96.791778,Sioux Falls,South Dakota,Anytime Fitness
1428,https://www.anytimefitness.com/locations/desloge-missouri-5215,37.881619,-90.513882,Desloge,Missouri,Anytime Fitness
1429,https://www.anytimefitness.com/locations/union-gap-washington-4732,46.56535,-120.47959,Union Gap,Washington,Anytime Fitness
1430,https://www.anytimefitness.com/locations/sycamore-illinois-3963,41.982921,-88.709362,Sycamore,Illinois,Anytime Fitness
1431,https://www.anytimefitness.com/locations/aberdeen-washington-2585,46.9756,-123.8501,Aberdeen,Washington,Anytime Fitness
1432,https://www.anytimefitness.com/locations/kenedy-texas-3361,28.83412,-97.86698,Kenedy,Texas,Anytime Fitness
1433,https://www.anytimefitness.com/locations/la-canada-flintridge-california-2589,34.2039,-118.19734,La Canada Flintridge,California,Anytime Fitness
1434,https://www.anytimefitness.com/locations/sanford-north-carolina-4110,35.51979,-79.18333,Sanford,North Carolina,Anytime Fitness
1435,https://www.anytimefitness.com/locations/blue-springs-missouri-4500,39.008389,-94.274736,Blue Springs,Missouri,Anytime Fitness
1436,https://www.anytimefitness.com/locations/menomonie-wisconsin-255,44.9022,-91.93015,Menomonie,Wisconsin,Anytime Fitness
1437,https://www.anytimefitness.com/locations/fairfax-virginia-4422,38.81688,-77.27568,Fairfax,Virginia,Anytime Fitness
1438,https://www.anytimefitness.com/locations/bolivia-north-carolina-4542,33.97559,-78.13201,Bolivia,North Carolina,Anytime Fitness
1439,https://www.anytimefitness.com/locations/oconomowoc-wisconsin-3672,43.09028,-88.47247,Oconomowoc,Wisconsin,Anytime Fitness
1440,https://www.anytimefitness.com/locations/macedonia-georgia-1771,34.25262,-84.35872,Macedonia,Georgia,Anytime Fitness
1441,https://www.anytimefitness.com/locations/anna-texas-3459,33.343817,-96.588667,Anna,Texas,Anytime Fitness
1442,https://www.anytimefitness.com/locations/bellingham-washington-2128,48.794954,-122.487103,Bellingham,Washington,Anytime Fitness
1443,https://www.anytimefitness.com/locations/wind-gap-pennsylvania-4261,40.83958,-75.3,Wind Gap,Pennsylvania,Anytime Fitness
1444,https://www.anytimefitness.com/locations/bellevue-ohio-4775,41.284019,-82.884655,Bellevue,Ohio,Anytime Fitness
1445,https://www.anytimefitness.com/locations/houston-texas-4277,29.57411,-95.10734,Houston,Texas,Anytime Fitness
1446,https://www.anytimefitness.com/locations/harvey-michigan-2391,46.48769,-87.3481,Harvey,Michigan,Anytime Fitness
1447,https://www.anytimefitness.com/locations/kaufman-texas-2550,32.5751,-96.31343,Kaufman,Texas,Anytime Fitness
1448,https://www.anytimefitness.com/locations/grand-prairie-texas-4234,32.64956,-97.04281,Grand Prairie,Texas,Anytime Fitness
1449,https://www.anytimefitness.com/locations/twin-falls-idaho-1158,42.57157,-114.4596,Twin Falls,Idaho,Anytime Fitness
1450,https://www.anytimefitness.com/locations/brownsburg-indiana-2701,39.857903,-86.390625,Brownsburg,Indiana,Anytime Fitness
1451,https://www.anytimefitness.com/locations/mandan-north-dakota-470,46.82686,-100.89549,Mandan,North Dakota,Anytime Fitness
1452,https://www.anytimefitness.com/locations/sugar-grove-illinois-4388,41.77492,-88.44071,Sugar Grove,Illinois,Anytime Fitness
1453,https://www.anytimefitness.com/locations/franklin-kentucky-3933,36.6973,-86.56959,Franklin,Kentucky,Anytime Fitness
1454,https://www.anytimefitness.com/locations/dilworth-minnesota-89,46.875172,-96.723173,Dilworth,Minnesota,Anytime Fitness
1455,https://www.anytimefitness.com/locations/shakopee-minnesota-1055,44.78365,-93.55478,Shakopee,Minnesota,Anytime Fitness
1456,https://www.anytimefitness.com/locations/exton-pennsylvania-2862,40.03236,-75.63014,Exton,Pennsylvania,Anytime Fitness
1457,https://www.anytimefitness.com/locations/rancho-cordova-california-2835,38.58554,-121.28397,Rancho Cordova,California,Anytime Fitness
1458,https://www.anytimefitness.com/locations/sioux-falls-south-dakota-2091,43.52275,-96.78982,Sioux Falls,South Dakota,Anytime Fitness
1459,https://www.anytimefitness.com/locations/tunkhannock-pennsylvania-3610,41.52509,-75.95173,Tunkhannock,Pennsylvania,Anytime Fitness
1460,https://www.anytimefitness.com/locations/new-albany-mississippi-1851,34.496955,-89.035852,New Albany,Mississippi,Anytime Fitness
1461,https://www.anytimefitness.com/locations/old-saybrook-connecticut-2751,41.29608,-72.37659,Old Saybrook,Connecticut,Anytime Fitness
1462,https://www.anytimefitness.com/locations/chicago-illinois-4833,41.895932,-87.669191,Chicago,Illinois,Anytime Fitness
1463,https://www.anytimefitness.com/locations/tea-south-dakota-4770,43.46172,-96.79882,Tea,South Dakota,Anytime Fitness
1464,https://www.anytimefitness.com/locations/victor-idaho-5446,43.61104,-111.10891,Victor,Idaho,Anytime Fitness
1465,https://www.anytimefitness.com/locations/new-castle-pennsylvania-2098,41.06407,-80.36032,New Castle,Pennsylvania,Anytime Fitness
1466,https://www.anytimefitness.com/locations/gainesville-georgia-2688,34.28776,-83.84246,Gainesville,Georgia,Anytime Fitness
1467,https://www.anytimefitness.com/locations/hope-arkansas-2203,33.68081,-93.60374,Hope,Arkansas,Anytime Fitness
1468,https://www.anytimefitness.com/locations/stanwood-washington-5058,48.23649,-122.32728,Stanwood,Washington,Anytime Fitness
1469,https://www.anytimefitness.com/locations/minneapolis-minnesota-281,44.983103,-93.270755,Minneapolis,Minnesota,Anytime Fitness
1470,https://www.anytimefitness.com/locations/mcfarland-wisconsin-594,43.01504,-89.30269,McFarland,Wisconsin,Anytime Fitness
1471,https://www.anytimefitness.com/locations/league-city-kemah-texas-680,29.54296,-95.05655,League City-Kemah,Texas,Anytime Fitness
1472,https://www.anytimefitness.com/locations/watertown-wisconsin-2527,43.18985,-88.73977,Watertown,Wisconsin,Anytime Fitness
1473,https://www.anytimefitness.com/locations/waunakee-wisconsin-691,43.19147,-89.44605,Waunakee,Wisconsin,Anytime Fitness
1474,https://www.anytimefitness.com/locations/marina-california-4371,36.66546,-121.8042,Marina,California,Anytime Fitness
1475,https://www.anytimefitness.com/locations/brooksville-florida-2183,28.53862,-82.40522,Brooksville,Florida,Anytime Fitness
1476,https://www.anytimefitness.com/locations/batesville-arkansas-2309,35.76365,-91.61584,Batesville,Arkansas,Anytime Fitness
1477,https://www.anytimefitness.com/locations/summerfield-florida-2001,28.97718,-81.98348,Summerfield,Florida,Anytime Fitness
1478,https://www.anytimefitness.com/locations/ann-arbor-michigan-1472,42.30521,-83.69476,Ann Arbor,Michigan,Anytime Fitness
1479,https://www.anytimefitness.com/locations/san-antonio-texas-272,29.643093,-98.489288,San Antonio,Texas,Anytime Fitness
1480,https://www.anytimefitness.com/locations/billings-montana-4750,45.787003,-108.619414,Billings,Montana,Anytime Fitness
1481,https://www.anytimefitness.com/locations/castle-rock-colorado-3068,39.3631,-104.85979,Castle Rock,Colorado,Anytime Fitness
1482,https://www.anytimefitness.com/locations/new-iberia-louisiana-602,29.99108,-91.80416,New Iberia,Louisiana,Anytime Fitness
1483,https://www.anytimefitness.com/locations/elkview-west-virginia-3303,38.45779,-81.50213,Elkview,West Virginia,Anytime Fitness
1484,https://www.anytimefitness.com/locations/amelia-ohio-3725,39.035814,-84.230832,Amelia,Ohio,Anytime Fitness
1485,https://www.anytimefitness.com/locations/madison-virginia-3758,38.36668,-78.26946,Madison,Virginia,Anytime Fitness
1486,https://www.anytimefitness.com/locations/denver-north-carolina-4014,35.44356,-80.99619,Denver,North Carolina,Anytime Fitness
1487,https://www.anytimefitness.com/locations/nashville-tennessee-3127,36.04342,-86.74462,Nashville,Tennessee,Anytime Fitness
1488,https://www.anytimefitness.com/locations/emory-texas-4701,32.86755,-95.75578,Emory,Texas,Anytime Fitness
1489,https://www.anytimefitness.com/locations/franklin-new-jersey-2582,41.12091,-74.57777,Franklin,New Jersey,Anytime Fitness
1490,https://www.anytimefitness.com/locations/jacksonville-florida-5081,30.246399,-81.696803,Jacksonville,Florida,Anytime Fitness
1491,https://www.anytimefitness.com/locations/kingman-arizona-5480,35.236862,-114.035977,Kingman,Arizona,Anytime Fitness
1492,https://www.anytimefitness.com/locations/wekiva-springs-florida-5645,28.68876,-81.405677,Wekiva Springs,Florida,Anytime Fitness
1493,https://www.anytimefitness.com/locations/frederick-maryland-2593,39.39846,-77.34555,Frederick,Maryland,Anytime Fitness
1494,https://www.anytimefitness.com/locations/el-paso-texas-1981,31.781849,-106.247213,El Paso,Texas,Anytime Fitness
1495,https://www.anytimefitness.com/locations/conroe-texas-4616,30.282772,-95.47408,Conroe,Texas,Anytime Fitness
1496,https://www.anytimefitness.com/locations/santa-clarita-california-4519,34.42643,-118.42604,Santa Clarita,California,Anytime Fitness
1497,https://www.anytimefitness.com/locations/chico-california-3726,39.71839,-121.79586,Chico,California,Anytime Fitness
1498,https://www.anytimefitness.com/locations/kyle-texas-432,30.004,-97.86444,Kyle,Texas,Anytime Fitness
1499,https://www.anytimefitness.com/locations/georgetown-texas-5439,30.639057,-97.818838,Georgetown,Texas,Anytime Fitness
1500,https://www.anytimefitness.com/locations/san-antonio-texas-3627,29.500304,-98.728585,San Antonio,Texas,Anytime Fitness
1501,https://www.anytimefitness.com/locations/grapevine-texas-2261,32.89386,-97.104,Grapevine,Texas,Anytime Fitness
1502,https://www.anytimefitness.com/locations/oxnard-california-3063,34.20905,-119.1942,Oxnard,California,Anytime Fitness
1503,https://www.anytimefitness.com/locations/mccomb-mississippi-2300,31.25424,-90.48026,McComb,Mississippi,Anytime Fitness
1504,https://www.anytimefitness.com/locations/pearland-texas-3071,29.55949,-95.35467,Pearland,Texas,Anytime Fitness
1505,https://www.anytimefitness.com/locations/cedarburg-wisconsin-567,43.281072,-87.989313,Cedarburg,Wisconsin,Anytime Fitness
1506,https://www.anytimefitness.com/locations/owasso-oklahoma-2669,36.27686,-95.82829,Owasso,Oklahoma,Anytime Fitness
1507,https://www.anytimefitness.com/locations/grand-blanc-michigan-3471,42.94472,-83.66326,Grand Blanc,Michigan,Anytime Fitness
1508,https://www.anytimefitness.com/locations/kenosha-wisconsin-515,42.62465,-87.83713,Kenosha,Wisconsin,Anytime Fitness
1509,https://www.anytimefitness.com/locations/mt.-dora-florida-3012,28.82101,-81.67303,Mt. Dora,Florida,Anytime Fitness
1510,https://www.anytimefitness.com/locations/guilford-connecticut-5597,41.288955,-72.67839,Guilford,Connecticut,Anytime Fitness
1511,https://www.anytimefitness.com/locations/littleton-colorado-3700,39.61278,-105.00617,Littleton,Colorado,Anytime Fitness
1512,https://www.anytimefitness.com/locations/brenham-texas-4932,30.14089,-96.397946,Brenham,Texas,Anytime Fitness
1513,https://www.anytimefitness.com/locations/wabash-indiana-4967,40.813597,-85.836886,Wabash,Indiana,Anytime Fitness
1514,https://www.anytimefitness.com/locations/st.-clair-shores-michigan-4860,42.471794,-82.905047,St. Clair Shores,Michigan,Anytime Fitness
1515,https://www.anytimefitness.com/locations/knoxville-(farragut)-tennessee-3136,35.86644,-84.20138,Knoxville (Farragut),Tennessee,Anytime Fitness
1516,https://www.anytimefitness.com/locations/wauchula-florida-4531,27.53488,-81.81021,Wauchula,Florida,Anytime Fitness
1517,https://www.anytimefitness.com/locations/hurricane-utah-2745,37.17704,-113.2953,Hurricane,Utah,Anytime Fitness
1518,https://www.anytimefitness.com/locations/folsom-california-4565,38.67727199,-121.198772,Folsom,California,Anytime Fitness
1519,https://www.anytimefitness.com/locations/charlottesville-virginia-1398,38.02941,-78.44112,Charlottesville,Virginia,Anytime Fitness
1520,https://www.anytimefitness.com/locations/auburn-georgia-1234,34.009459,-83.85111,Auburn,Georgia,Anytime Fitness
1521,https://www.anytimefitness.com/locations/indio-california-656,33.7315,-116.2319,Indio,California,Anytime Fitness
1522,https://www.anytimefitness.com/locations/portage-michigan-1029,42.19931,-85.59173,Portage,Michigan,Anytime Fitness
1523,https://www.anytimefitness.com/locations/mitchell-south-dakota-306,43.693804,-98.012253,Mitchell,South Dakota,Anytime Fitness
1524,https://www.anytimefitness.com/locations/arcadia-florida-4009,27.21032,-81.83822,Arcadia,Florida,Anytime Fitness
1525,https://www.anytimefitness.com/locations/azle-texas-3861,32.89382,-97.53868,Azle,Texas,Anytime Fitness
1526,https://www.anytimefitness.com/locations/council-bluffs-iowa-5007,41.27088,-95.83629,Council Bluffs,Iowa,Anytime Fitness
1527,https://www.anytimefitness.com/locations/peekskill-new-york-5660,41.291166,-73.916569,Peekskill,New York,Anytime Fitness
1528,https://www.anytimefitness.com/locations/bennington-nebraska-3908,41.36437,-96.15862,Bennington,Nebraska,Anytime Fitness
1529,https://www.anytimefitness.com/locations/frisco-texas-2703,33.14875,-96.80701,Frisco,Texas,Anytime Fitness
1530,https://www.anytimefitness.com/locations/lake-charles-louisiana-4290,30.17034,-93.24993,Lake Charles,Louisiana,Anytime Fitness
1531,https://www.anytimefitness.com/locations/scottsburg-indiana-3401,38.69514,-85.78094,Scottsburg,Indiana,Anytime Fitness
1532,https://www.anytimefitness.com/locations/palmyra-virginia-3067,37.90318,-78.34191,Palmyra,Virginia,Anytime Fitness
1533,https://www.anytimefitness.com/locations/lafayette-louisiana-2386,30.141336,-92.062182,Lafayette,Louisiana,Anytime Fitness
1534,https://www.anytimefitness.com/locations/sun-prairie-wisconsin-593,43.1861,-89.2544,Sun Prairie,Wisconsin,Anytime Fitness
1535,https://www.anytimefitness.com/locations/concord-california-3281,37.95015,-121.95872,Concord,California,Anytime Fitness
1536,https://www.anytimefitness.com/locations/centralia-washington-1872,46.72215,-122.97046,Centralia,Washington,Anytime Fitness
1537,https://www.anytimefitness.com/locations/bloomington-indiana-2822,39.16211,-86.49652,Bloomington,Indiana,Anytime Fitness
1538,https://www.anytimefitness.com/locations/grand-rapids-minnesota-232,47.220827,-93.531674,Grand Rapids,Minnesota,Anytime Fitness
1539,https://www.anytimefitness.com/locations/richmond-hill-georgia-4499,31.94511,-81.30966,Richmond Hill,Georgia,Anytime Fitness
1540,https://www.anytimefitness.com/locations/south-lyon-michigan-4471,42.43365,-83.64774,South Lyon,Michigan,Anytime Fitness
1541,https://www.anytimefitness.com/locations/alameda-california-4301,37.7831,-122.27172,Alameda,California,Anytime Fitness
1542,https://www.anytimefitness.com/locations/perry-georgia-2859,32.46022,-83.73029,Perry,Georgia,Anytime Fitness
1543,https://www.anytimefitness.com/locations/reno-nevada-2332,39.60646,-119.84331,Reno,Nevada,Anytime Fitness
1544,https://www.anytimefitness.com/locations/philadelphia-pennsylvania-3899,39.96704,-75.16525,Philadelphia,Pennsylvania,Anytime Fitness
1545,https://www.anytimefitness.com/locations/paris-illinois-4081,39.60273,-87.68848,Paris,Illinois,Anytime Fitness
1546,https://www.anytimefitness.com/locations/wellington-colorado-4372,40.68078,-105.00166,Wellington,Colorado,Anytime Fitness
1547,https://www.anytimefitness.com/locations/north-wilkesboro-north-carolina-3196,36.16002,-81.15128,North Wilkesboro,North Carolina,Anytime Fitness
1548,https://www.anytimefitness.com/locations/leesville-louisiana-2574,31.1256,-93.2692,Leesville,Louisiana,Anytime Fitness
1549,https://www.anytimefitness.com/locations/new-orleans-louisiana-2595,29.92789,-90.06876,New Orleans,Louisiana,Anytime Fitness
1550,https://www.anytimefitness.com/locations/ellensburg-washington-1602,47.0037,-120.58331,Ellensburg,Washington,Anytime Fitness
1551,https://www.anytimefitness.com/locations/raceland-louisiana-4383,29.69104,-90.551318,Raceland,Louisiana,Anytime Fitness
1552,https://www.anytimefitness.com/locations/carthage--mississippi-3628,32.73467,-89.534,Carthage ,Mississippi,Anytime Fitness
1553,https://www.anytimefitness.com/locations/lexington-south-carolina-3661,33.912594,-81.22494,Lexington,South Carolina,Anytime Fitness
1554,https://www.anytimefitness.com/locations/espanola-new-mexico-4554,36.01271,-106.06343,Espanola,New Mexico,Anytime Fitness
1555,https://www.anytimefitness.com/locations/shreveport-louisiana-130,32.40791,-93.73921,Shreveport,Louisiana,Anytime Fitness
1556,https://www.anytimefitness.com/locations/summersville-west-virginia-4212,38.29967,-80.8352,Summersville,West Virginia,Anytime Fitness
1557,https://www.anytimefitness.com/locations/sumter-south-carolina-551,33.954594,-80.375297,Sumter,South Carolina,Anytime Fitness
1558,https://www.anytimefitness.com/locations/san-marcos-california-4003,33.137764,-117.130684,San Marcos,California,Anytime Fitness
1559,https://www.anytimefitness.com/locations/spearfish-south-dakota-1917,44.480158,-103.812332,Spearfish,South Dakota,Anytime Fitness
1560,https://www.anytimefitness.com/locations/pasadena-california-4335,34.1457334,-118.137888,Pasadena,California,Anytime Fitness
1561,https://www.anytimefitness.com/locations/appleton-wisconsin-283,44.2465,-88.34763,Appleton,Wisconsin,Anytime Fitness
1562,https://www.anytimefitness.com/locations/wheaton-illinois-4494,41.830705,-88.089839,Wheaton,Illinois,Anytime Fitness
1563,https://www.anytimefitness.com/locations/mexia-texas-4263,31.686009,-96.469739,Mexia,Texas,Anytime Fitness
1564,https://www.anytimefitness.com/locations/mission-texas-5026,26.225723,-98.298433,Mission,Texas,Anytime Fitness
1565,https://www.anytimefitness.com/locations/southern-pines-north-carolina-4042,35.17236,-79.42213,Southern Pines,North Carolina,Anytime Fitness
1566,https://www.anytimefitness.com/locations/hannibal-missouri-5045,39.72464,-91.39576,Hannibal,Missouri,Anytime Fitness
1567,https://www.anytimefitness.com/locations/oxford-mississippi-324,34.36204,-89.5602,Oxford,Mississippi,Anytime Fitness
1568,https://www.anytimefitness.com/locations/hudson-florida-4206,28.35705,-82.66487,Hudson,Florida,Anytime Fitness
1569,https://www.anytimefitness.com/locations/vermilion-ohio-3557,41.42405,-82.34995,Vermilion,Ohio,Anytime Fitness
1570,https://www.anytimefitness.com/locations/orlando-florida-3285,28.36169,-81.42585,Orlando,Florida,Anytime Fitness
1571,https://www.anytimefitness.com/locations/greensburg-pennsylvania-5605,40.308148,-79.590518,Greensburg,Pennsylvania,Anytime Fitness
1572,https://www.anytimefitness.com/locations/genesee-michigan-4030,43.11762,-83.61812,Genesee,Michigan,Anytime Fitness
1573,https://www.anytimefitness.com/locations/duncan-south-carolina-3269,34.88817,-82.06791,Duncan,South Carolina,Anytime Fitness
1574,https://www.anytimefitness.com/locations/fergus-falls-minnesota-5450,46.282041,-96.097756,Fergus Falls,Minnesota,Anytime Fitness
1575,https://www.anytimefitness.com/locations/new-boston-ohio-3640,38.75372,-82.91985,New Boston,Ohio,Anytime Fitness
1576,https://www.anytimefitness.com/locations/poway-california-3169,32.95169,-117.06733,Poway,California,Anytime Fitness
1577,https://www.anytimefitness.com/locations/smyrna-tennessee-1325,35.92847,-86.53534,Smyrna,Tennessee,Anytime Fitness
1578,https://www.anytimefitness.com/locations/monroe-ohio-1662,39.44774,-84.35729,Monroe,Ohio,Anytime Fitness
1579,https://www.anytimefitness.com/locations/flint-texas-2647,32.2205,-95.35051,Flint,Texas,Anytime Fitness
1580,https://www.anytimefitness.com/locations/carthage-texas-5369,32.15685,-94.349107,Carthage,Texas,Anytime Fitness
1581,https://www.anytimefitness.com/locations/glenwood-iowa-1845,41.0366,-95.74827,Glenwood,Iowa,Anytime Fitness
1582,https://www.anytimefitness.com/locations/wauwatosa-wisconsin-2314,43.06037,-88.024069,Wauwatosa,Wisconsin,Anytime Fitness
1583,https://www.anytimefitness.com/locations/harahan-louisiana-3030,29.93631,-90.20248,Harahan,Louisiana,Anytime Fitness
1584,https://www.anytimefitness.com/locations/dumfries-virginia-2106,38.60839,-77.35912,Dumfries,Virginia,Anytime Fitness
1585,https://www.anytimefitness.com/locations/albuquerque-new-mexico-3426,35.109208,-106.730252,Albuquerque,New Mexico,Anytime Fitness
1586,https://www.anytimefitness.com/locations/uniontown-pennsylvania-1710,39.88453,-79.73438,Uniontown,Pennsylvania,Anytime Fitness
1587,https://www.anytimefitness.com/locations/round-rock-texas-5383,30.576208,-97.65215,Round Rock,Texas,Anytime Fitness
1588,https://www.anytimefitness.com/locations/whitney-texas-2507,31.96019,-97.32127,Whitney,Texas,Anytime Fitness
1589,https://www.anytimefitness.com/locations/brewton-alabama-3866,31.135511,-87.067616,Brewton,Alabama,Anytime Fitness
1590,https://www.anytimefitness.com/locations/chantilly-virginia-3276,38.90032,-77.44916,Chantilly,Virginia,Anytime Fitness
1591,https://www.anytimefitness.com/locations/baxter-minnesota-1476,46.35595,-94.22654,Baxter,Minnesota,Anytime Fitness
1592,https://www.anytimefitness.com/locations/platte-city-missouri-2185,39.37013,-94.78004,Platte City,Missouri,Anytime Fitness
1593,https://www.anytimefitness.com/locations/trenton-ohio-2671,39.48044,-84.47208,Trenton,Ohio,Anytime Fitness
1594,https://www.anytimefitness.com/locations/cut-off-louisiana-1324,29.54952,-90.34286,Cut Off,Louisiana,Anytime Fitness
1595,https://www.anytimefitness.com/locations/st.-gabriel-louisiana-4808,30.3083549,-91.1218509999,St. Gabriel,Louisiana,Anytime Fitness
1596,https://www.anytimefitness.com/locations/lafitte-louisiana-2952,29.73804,-90.12818,Lafitte,Louisiana,Anytime Fitness
1597,https://www.anytimefitness.com/locations/marrero-louisiana-4429,29.882112,-90.098217,Marrero,Louisiana,Anytime Fitness
1598,https://www.anytimefitness.com/locations/guymon-oklahoma-2849,36.69208,-101.48225,Guymon,Oklahoma,Anytime Fitness
1599,https://www.anytimefitness.com/locations/beloit-wisconsin-830,42.534172,-89.013024,Beloit,Wisconsin,Anytime Fitness
1600,https://www.anytimefitness.com/locations/new-martinsville-west-virginia-4153,39.675644,-80.855496,New Martinsville,West Virginia,Anytime Fitness
1601,https://www.anytimefitness.com/locations/fairfield-california-3525,38.24735,-122.06484,Fairfield,California,Anytime Fitness
1602,https://www.anytimefitness.com/locations/clearwater-florida-2427,27.93923,-82.77352,Clearwater,Florida,Anytime Fitness
1603,https://www.anytimefitness.com/locations/tehachapi-california-4807,35.122832,-118.468801,Tehachapi,California,Anytime Fitness
1604,https://www.anytimefitness.com/locations/kokomo-indiana-1495,40.4518,-86.13065,Kokomo,Indiana,Anytime Fitness
1605,https://www.anytimefitness.com/locations/glastonbury-connecticut-2909,41.72069,-72.61352,Glastonbury,Connecticut,Anytime Fitness
1606,https://www.anytimefitness.com/locations/woodbridge-virginia-2107,38.67714,-77.35197,Woodbridge,Virginia,Anytime Fitness
1607,https://www.anytimefitness.com/locations/pella-iowa-1066,41.40735,-92.91909,Pella,Iowa,Anytime Fitness
1608,https://www.anytimefitness.com/locations/maurepas-louisiana-334,30.25308,-90.77072,Maurepas,Louisiana,Anytime Fitness
1609,https://www.anytimefitness.com/locations/yorktown-virginia-2999,37.15774,-76.46076,Yorktown,Virginia,Anytime Fitness
1610,https://www.anytimefitness.com/locations/san-antonio-texas-1288,29.52669,-98.59745,San Antonio,Texas,Anytime Fitness
1611,https://www.anytimefitness.com/locations/delhi-louisiana-2642,32.45655,-91.49512,Delhi,Louisiana,Anytime Fitness
1612,https://www.anytimefitness.com/locations/haslett-michigan-2453,42.74667,-84.42672,Haslett,Michigan,Anytime Fitness
1613,https://www.anytimefitness.com/locations/lake-geneva-wisconsin-2923,42.60592,-88.42306,Lake Geneva,Wisconsin,Anytime Fitness
1614,https://www.anytimefitness.com/locations/tampa-florida-5009,28.071381,-82.632173,Tampa,Florida,Anytime Fitness
1615,https://www.anytimefitness.com/locations/russellville-arkansas-4395,35.30127,-93.1382,Russellville,Arkansas,Anytime Fitness
1616,https://www.anytimefitness.com/locations/san-leandro-california-3614,37.72407,-122.1565,San Leandro,California,Anytime Fitness
1617,https://www.anytimefitness.com/locations/bennington-vermont-2246,42.88048,-73.19897,Bennington,Vermont,Anytime Fitness
1618,https://www.anytimefitness.com/locations/el-paso-texas-4995,31.758559,-106.268536,El Paso,Texas,Anytime Fitness
1619,https://www.anytimefitness.com/locations/glenwood-illinois-4392,41.55603,-87.63573,Glenwood,Illinois,Anytime Fitness
1620,https://www.anytimefitness.com/locations/ozark-alabama-2118,31.44188,-85.65186,Ozark,Alabama,Anytime Fitness
1621,https://www.anytimefitness.com/locations/fernley-nevada-1153,39.606542,-119.223128,Fernley,Nevada,Anytime Fitness
1622,https://www.anytimefitness.com/locations/lexington-nebraska-478,40.74659,-99.7428,Lexington,Nebraska,Anytime Fitness
1623,https://www.anytimefitness.com/locations/charlotte-north-carolina-3534,35.06158,-80.77235,Charlotte,North Carolina,Anytime Fitness
1624,https://www.anytimefitness.com/locations/stafford-virginia-3442,38.4802,-77.47487,Stafford,Virginia,Anytime Fitness
1625,https://www.anytimefitness.com/locations/carson-city-nevada-2535,39.12574,-119.77165,Carson City,Nevada,Anytime Fitness
1626,https://www.anytimefitness.com/locations/cleveland-georgia-1955,34.57204,-83.7626,Cleveland,Georgia,Anytime Fitness
1627,https://www.anytimefitness.com/locations/virginia-beach-virginia-578,36.770264,-76.189629,Virginia Beach,Virginia,Anytime Fitness
1628,https://www.anytimefitness.com/locations/waukee-iowa-695,41.60526,-93.85343,Waukee,Iowa,Anytime Fitness
1629,https://www.anytimefitness.com/locations/brookfield-wisconsin-1298,43.059144,-88.128839,Brookfield,Wisconsin,Anytime Fitness
1630,https://www.anytimefitness.com/locations/hereford-texas-5261,34.816845,-102.399642,Hereford,Texas,Anytime Fitness
1631,https://www.anytimefitness.com/locations/livermore-california-3438,37.662,-121.78133,Livermore,California,Anytime Fitness
1632,https://www.anytimefitness.com/locations/loveland-ohio-3355,39.264551,-84.267525,Loveland,Ohio,Anytime Fitness
1633,https://www.anytimefitness.com/locations/gridley-california-4157,39.361472,-121.686633,Gridley,California,Anytime Fitness
1634,https://www.anytimefitness.com/locations/leesburg-florida-974,28.82048,-81.78042,Leesburg,Florida,Anytime Fitness
1635,https://www.anytimefitness.com/locations/mound-minnesota-113,44.9382,-93.6651,Mound,Minnesota,Anytime Fitness
1636,https://www.anytimefitness.com/locations/sugar-land-texas-4958,29.547039,-95.612648,Sugar Land,Texas,Anytime Fitness
1637,https://www.anytimefitness.com/locations/holland-michigan-1246,42.82869,-86.13536,Holland,Michigan,Anytime Fitness
1638,https://www.anytimefitness.com/locations/excelsior-minnesota-3286,44.90019,-93.5635,Excelsior,Minnesota,Anytime Fitness
1639,https://www.anytimefitness.com/locations/auburndale-florida-2313,28.052078,-81.77674,Auburndale,Florida,Anytime Fitness
1640,https://www.anytimefitness.com/locations/fairfield-california-3366,38.21569,-122.14307,Fairfield,California,Anytime Fitness
1641,https://www.anytimefitness.com/locations/hillsdale-michigan-1761,41.92969,-84.64254,Hillsdale,Michigan,Anytime Fitness
1642,https://www.anytimefitness.com/locations/oxford-ohio-2901,39.51986,-84.7584,Oxford,Ohio,Anytime Fitness
1643,https://www.anytimefitness.com/locations/new-lenox-illinois-4044,41.48218,-87.98068,New Lenox,Illinois,Anytime Fitness
1644,https://www.anytimefitness.com/locations/denver-colorado-4147,39.78613,-104.88161,Denver,Colorado,Anytime Fitness
1645,https://www.anytimefitness.com/locations/salado-texas-3151,30.957949,-97.540392,Salado,Texas,Anytime Fitness
1646,https://www.anytimefitness.com/locations/columbus-nebraska-277,41.4381,-97.32353,Columbus,Nebraska,Anytime Fitness
1647,https://www.anytimefitness.com/locations/franklin-indiana-1181,39.492764,-86.063578,Franklin,Indiana,Anytime Fitness
1648,https://www.anytimefitness.com/locations/morris-plains-new-jersey-2186,40.86394,-74.47046,Morris Plains,New Jersey,Anytime Fitness
1649,https://www.anytimefitness.com/locations/dinuba-california-5499,36.544278,-119.37096,Dinuba,California,Anytime Fitness
1650,https://www.anytimefitness.com/locations/kailua-hawaii-3573,21.39497,-157.7447,Kailua,Hawaii,Anytime Fitness
1651,https://www.anytimefitness.com/locations/cypress-texas-5143,29.937439,-95.680208,Cypress,Texas,Anytime Fitness
1652,https://www.anytimefitness.com/locations/pinole-california-4222,37.991567,-122.30657,Pinole,California,Anytime Fitness
1653,https://www.anytimefitness.com/locations/long-beach-california-5309,33.81121,-118.10859,Long Beach,California,Anytime Fitness
1654,https://www.anytimefitness.com/locations/san-jose-california-4922,37.266967,-121.834005,San Jose,California,Anytime Fitness
1655,https://www.anytimefitness.com/locations/chesterland-ohio-52,41.52167,-81.3557,Chesterland,Ohio,Anytime Fitness
1656,https://www.anytimefitness.com/locations/richmond-michigan-3244,42.79567,-82.73391,Richmond,Michigan,Anytime Fitness
1657,https://www.anytimefitness.com/locations/corona-california-4048,33.87114,-117.62143,Corona,California,Anytime Fitness
1658,https://www.anytimefitness.com/locations/stockdale-texas-4772,29.235001,-97.96323,Stockdale,Texas,Anytime Fitness
1659,https://www.anytimefitness.com/locations/palm-desert-california-2834,33.78104,-116.35694,Palm Desert,California,Anytime Fitness
1660,https://www.anytimefitness.com/locations/nashville-tennessee-5085,36.199228,-86.74108,Nashville,Tennessee,Anytime Fitness
1661,https://www.anytimefitness.com/locations/victoria-texas-3425,28.81508,-96.96358,Victoria,Texas,Anytime Fitness
1662,https://www.anytimefitness.com/locations/la-crescent-minnesota-4657,43.827422,-91.304084,La Crescent,Minnesota,Anytime Fitness
1663,https://www.anytimefitness.com/locations/hope-mills-north-carolina-4260,34.98303,-78.93369,Hope Mills,North Carolina,Anytime Fitness
1664,https://www.anytimefitness.com/locations/rochester-minnesota-4242,44.040076,-92.46333,Rochester,Minnesota,Anytime Fitness
1665,https://www.anytimefitness.com/locations/amory-north-carolina-1881,33.96339,-78.188428,Amory,North Carolina,Anytime Fitness
1666,https://www.anytimefitness.com/locations/fargo-north-dakota-1655,46.805063,-96.827638,Fargo,North Dakota,Anytime Fitness
1667,https://www.anytimefitness.com/locations/tallahassee-florida-614,30.42725,-84.22123,Tallahassee,Florida,Anytime Fitness
1668,https://www.anytimefitness.com/locations/martinez-georgia-24,33.52619,-82.07077,Martinez,Georgia,Anytime Fitness
1669,https://www.anytimefitness.com/locations/palmetto-florida-3732,27.52063,-82.55922,Palmetto,Florida,Anytime Fitness
1670,https://www.anytimefitness.com/locations/cottage-grove-minnesota-212,44.83682,-92.96016,Cottage Grove,Minnesota,Anytime Fitness
1671,https://www.anytimefitness.com/locations/hobbs-new-mexico-4449,32.742729,-103.144679,Hobbs,New Mexico,Anytime Fitness
1672,https://www.anytimefitness.com/locations/eunice-louisiana-1660,30.49421,-92.44822,Eunice,Louisiana,Anytime Fitness
1673,https://www.anytimefitness.com/locations/roselle-illinois-810,41.9829,-88.075267,Roselle,Illinois,Anytime Fitness
1674,https://www.anytimefitness.com/locations/lavernia-texas-2483,29.356065,-98.126618,LaVernia,Texas,Anytime Fitness
1675,https://www.anytimefitness.com/locations/santa-rosa-california-3645,38.46721,-122.74586,Santa Rosa,California,Anytime Fitness
1676,https://www.anytimefitness.com/locations/anchorage-alaska-4023,61.139055,-149.834201,Anchorage,Alaska,Anytime Fitness
1677,https://www.anytimefitness.com/locations/santa-clarita-california-5127,34.43441,-118.52963,Santa Clarita,California,Anytime Fitness
1678,https://www.anytimefitness.com/locations/melrose-massachusetts-2655,42.45445,-71.06586,Melrose,Massachusetts,Anytime Fitness
1679,https://www.anytimefitness.com/locations/reno-nevada-941,39.483273,-119.854641,Reno,Nevada,Anytime Fitness
1680,https://www.anytimefitness.com/locations/troy-alabama-2198,31.78545,-85.9663,Troy,Alabama,Anytime Fitness
1681,https://www.anytimefitness.com/locations/sulphur-springs-texas-2206,33.11986,-95.59746,Sulphur Springs,Texas,Anytime Fitness
1682,https://www.anytimefitness.com/locations/inver-grove-heights-minnesota-489,44.81901,-93.04222,Inver Grove Heights,Minnesota,Anytime Fitness
1683,https://www.anytimefitness.com/locations/amarillo-texas-5025,35.192074,-102.056073,Amarillo,Texas,Anytime Fitness
1684,https://www.anytimefitness.com/locations/midlothian-texas-1293,32.434884362,-96.9990979644,Midlothian,Texas,Anytime Fitness
1685,https://www.anytimefitness.com/locations/bridgeport-west-virginia-2443,39.28247,-80.27392,Bridgeport,West Virginia,Anytime Fitness
1686,https://www.anytimefitness.com/locations/oskaloosa-iowa-1703,41.2974,-92.67186,Oskaloosa,Iowa,Anytime Fitness
1687,https://www.anytimefitness.com/locations/eugene-oregon-612,44.10048,-123.12746,Eugene,Oregon,Anytime Fitness
1688,https://www.anytimefitness.com/locations/cloquet-minnesota-896,46.709855,-92.457612,Cloquet,Minnesota,Anytime Fitness
1689,https://www.anytimefitness.com/locations/tyler-texas-1957,32.27909,-95.33649,Tyler,Texas,Anytime Fitness
1690,https://www.anytimefitness.com/locations/lino-lakes-minnesota-2520,45.18164,-93.11528,Lino Lakes,Minnesota,Anytime Fitness
1691,https://www.anytimefitness.com/locations/san-diego-california-5279,32.802671,-117.228382,San Diego,California,Anytime Fitness
1692,https://www.anytimefitness.com/locations/lincoln-nebraska-4768,40.86053,-96.6831,Lincoln,Nebraska,Anytime Fitness
1693,https://www.anytimefitness.com/locations/irwin-pennsylvania-2352,40.32132,-79.6912,Irwin,Pennsylvania,Anytime Fitness
1694,https://www.anytimefitness.com/locations/amite-louisiana-338,30.72557,-90.50968,Amite,Louisiana,Anytime Fitness
1695,https://www.anytimefitness.com/locations/lakemoor-illinois-777,42.32889,-88.19836,Lakemoor,Illinois,Anytime Fitness
1696,https://www.anytimefitness.com/locations/aiea-hawaii-4664,21.379386,-157.931244,Aiea,Hawaii,Anytime Fitness
1697,https://www.anytimefitness.com/locations/eagan-minnesota-1265,44.82065,-93.20529,Eagan,Minnesota,Anytime Fitness
1698,https://www.anytimefitness.com/locations/sunrise-florida-4235,26.16891,-80.28682,Sunrise,Florida,Anytime Fitness
1699,https://www.anytimefitness.com/locations/shrewsbury-pennsylvania-2802,39.76865,-76.6689,Shrewsbury,Pennsylvania,Anytime Fitness
1700,https://www.anytimefitness.com/locations/san-antonio-texas-5213,29.5125,-98.7777,San Antonio,Texas,Anytime Fitness
1701,https://www.anytimefitness.com/locations/sanger-california-3317,36.70019,-119.55417,Sanger,California,Anytime Fitness
1702,https://www.anytimefitness.com/locations/yorba-linda-california-4693,33.878113,-117.751583,Yorba Linda,California,Anytime Fitness
1703,https://www.anytimefitness.com/locations/adel-georgia-1552,31.1357,-83.44059,Adel,Georgia,Anytime Fitness
1704,https://www.anytimefitness.com/locations/portage-indiana-1007,41.551309,-87.1832226,Portage,Indiana,Anytime Fitness
1705,https://www.anytimefitness.com/locations/martinez-georgia-145,33.50801,-82.14513,Martinez,Georgia,Anytime Fitness
1706,https://www.anytimefitness.com/locations/ridgefield-washington-4980,45.814317,-122.703851,Ridgefield,Washington,Anytime Fitness
1707,https://www.anytimefitness.com/locations/monticello-minnesota-107,45.288118,-93.803966,Monticello,Minnesota,Anytime Fitness
1708,https://www.anytimefitness.com/locations/waxhaw-north-carolina-4284,34.948786,-80.757107,Waxhaw,North Carolina,Anytime Fitness
1709,https://www.anytimefitness.com/locations/gwinn-michigan-2742,46.27763,-87.42631,Gwinn,Michigan,Anytime Fitness
1710,https://www.anytimefitness.com/locations/davenport-iowa-977,41.57367,-90.59375,Davenport,Iowa,Anytime Fitness
1711,https://www.anytimefitness.com/locations/ballenger-creek-maryland-3981,39.39383,-77.43952,Ballenger Creek,Maryland,Anytime Fitness
1712,https://www.anytimefitness.com/locations/huron-south-dakota-3143,44.33836,-98.21519,Huron,South Dakota,Anytime Fitness
1713,https://www.anytimefitness.com/locations/opelika-alabama-4296,32.62014,-85.41631,Opelika,Alabama,Anytime Fitness
1714,https://www.anytimefitness.com/locations/red-wing-minnesota-3407,44.555103,-92.567056,Red Wing,Minnesota,Anytime Fitness
1715,https://www.anytimefitness.com/locations/waseca-minnesota-3838,44.07715,-93.51182,Waseca,Minnesota,Anytime Fitness
1716,https://www.anytimefitness.com/locations/chisago-city-minnesota-146,45.37648,-92.87988,Chisago City,Minnesota,Anytime Fitness
1717,https://www.anytimefitness.com/locations/tucson-arizona-2779,32.35028,-110.97702,Tucson,Arizona,Anytime Fitness
1718,https://www.anytimefitness.com/locations/cartersville-georgia-4064,34.14859,-84.9051,Cartersville,Georgia,Anytime Fitness
1719,https://www.anytimefitness.com/locations/cornwall-new-york-2870,41.4339,-74.03853,Cornwall,New York,Anytime Fitness
1720,https://www.anytimefitness.com/locations/dodgeville-wisconsin-2450,42.96277,-90.12991,Dodgeville,Wisconsin,Anytime Fitness
1721,https://www.anytimefitness.com/locations/sheridan-wyoming-4769,44.7730091,-106.9441303,Sheridan,Wyoming,Anytime Fitness
1722,https://www.anytimefitness.com/locations/alachua-florida-3319,29.796094,-82.502429,Alachua,Florida,Anytime Fitness
1723,https://www.anytimefitness.com/locations/soledad-california-4650,36.4176964,-121.3202758,Soledad,California,Anytime Fitness
1724,https://www.anytimefitness.com/locations/la-porte-texas-2591,29.65335,-95.032931,La Porte,Texas,Anytime Fitness
1725,https://www.anytimefitness.com/locations/friendswood-texas-1253,29.52377,-95.1949,Friendswood,Texas,Anytime Fitness
1726,https://www.anytimefitness.com/locations/independence-kentucky-3532,38.931581,-84.548063,Independence,Kentucky,Anytime Fitness
1727,https://www.anytimefitness.com/locations/san-antonio-texas-3381,29.57227,-98.64716,San Antonio,Texas,Anytime Fitness
1728,https://www.anytimefitness.com/locations/albuquerque-new-mexico-4484,35.07571,-106.59744,Albuquerque,New Mexico,Anytime Fitness
1729,https://www.anytimefitness.com/locations/frostproof-florida-2448,27.74616,-81.53138,Frostproof,Florida,Anytime Fitness
1730,https://www.anytimefitness.com/locations/fort-collins-colorado-4660,40.583716,-105.076687,Fort Collins,Colorado,Anytime Fitness
1731,https://www.anytimefitness.com/locations/jackson-ohio-3604,39.04755,-82.62976,Jackson,Ohio,Anytime Fitness
1732,https://www.anytimefitness.com/locations/rosenberg-texas-5035,29.525602,-95.752241,Rosenberg,Texas,Anytime Fitness
1733,https://www.anytimefitness.com/locations/anthony-texas-4997,31.9972667,-106.5891154,Anthony,Texas,Anytime Fitness
1734,https://www.anytimefitness.com/locations/coolidge-arizona-4475,32.995873,-111.52254,Coolidge,Arizona,Anytime Fitness
1735,https://www.anytimefitness.com/locations/minneola-florida-5470,28.58975,-81.7513972,Minneola,Florida,Anytime Fitness
1736,https://www.anytimefitness.com/locations/heath-texas-4092,32.83734,-96.47485,Heath,Texas,Anytime Fitness
1737,https://www.anytimefitness.com/locations/silverton-oregon-1022,45.0105291,-122.7871231,Silverton,Oregon,Anytime Fitness
1738,https://www.anytimefitness.com/locations/las-vegas-nevada-927,36.04294,-115.15207,Las Vegas,Nevada,Anytime Fitness
1739,https://www.anytimefitness.com/locations/jefferson-city-missouri-2237,38.56923,-92.24128,Jefferson City,Missouri,Anytime Fitness
1740,https://www.anytimefitness.com/locations/maineville-ohio-4132,39.34956,-84.22056,Maineville,Ohio,Anytime Fitness
1741,https://www.anytimefitness.com/locations/albuquerque-new-mexico-4890,35.182984,-106.663786,Albuquerque,New Mexico,Anytime Fitness
1742,https://www.anytimefitness.com/locations/bullard-texas-1793,32.14466,-95.31514,Bullard,Texas,Anytime Fitness
1743,https://www.anytimefitness.com/locations/magnolia-texas-4035,30.2115,-95.75161,Magnolia,Texas,Anytime Fitness
1744,https://www.anytimefitness.com/locations/maurice-louisiana-2073,30.10562,-92.12427,Maurice,Louisiana,Anytime Fitness
1745,https://www.anytimefitness.com/locations/las-vegas-nevada-2105,36.159031,-115.050625,Las Vegas,Nevada,Anytime Fitness
1746,https://www.anytimefitness.com/locations/yorktown-heights-new-york-5486,41.278061,-73.781333,Yorktown Heights,New York,Anytime Fitness
1747,https://www.anytimefitness.com/locations/jasper-tennessee-4661,35.07354,-85.62917,Jasper,Tennessee,Anytime Fitness
1748,https://www.anytimefitness.com/locations/redmond-washington-1594,47.6992,-122.02778,Redmond,Washington,Anytime Fitness
1749,https://www.anytimefitness.com/locations/chapin-south-carolina-2630,34.16518,-81.35242,Chapin,South Carolina,Anytime Fitness
1750,https://www.anytimefitness.com/locations/trinity-texas-5296,30.934502,-95.374986,Trinity,Texas,Anytime Fitness
1751,https://www.anytimefitness.com/locations/ripon-wisconsin-858,43.85209,-88.85777,Ripon,Wisconsin,Anytime Fitness
1752,https://www.anytimefitness.com/locations/loveland-colorado-3954,40.38099,-105.09849,Loveland,Colorado,Anytime Fitness
1753,https://www.anytimefitness.com/locations/aptos-california-4649,36.9783177,-121.9083311,Aptos,California,Anytime Fitness
1754,https://www.anytimefitness.com/locations/howell-michigan-1847,42.63107,-83.75176,Howell,Michigan,Anytime Fitness
1755,https://www.anytimefitness.com/locations/piedmont-south-carolina-5515,34.780871,-82.474065,Piedmont,South Carolina,Anytime Fitness
1756,https://www.anytimefitness.com/locations/fairview-tennessee-3502,35.9731,-87.12919,Fairview,Tennessee,Anytime Fitness
1757,https://www.anytimefitness.com/locations/plover-wisconsin-1371,44.454613,-89.525846,Plover,Wisconsin,Anytime Fitness
1758,https://www.anytimefitness.com/locations/west-point-mississippi-2223,33.584649,-88.65985,West Point,Mississippi,Anytime Fitness
1759,https://www.anytimefitness.com/locations/washington-michigan-1849,42.77835,-83.01667,Washington,Michigan,Anytime Fitness
1760,https://www.anytimefitness.com/locations/aberdeen-south-dakota-2376,45.46128,-98.48795,Aberdeen,South Dakota,Anytime Fitness
1761,https://www.anytimefitness.com/locations/montrose-colorado-1002,38.446999,-107.863828,Montrose,Colorado,Anytime Fitness
1762,https://www.anytimefitness.com/locations/suffolk-virginia-2429,36.77891,-76.58171,Suffolk,Virginia,Anytime Fitness
1763,https://www.anytimefitness.com/locations/starke-florida-2492,29.9434,-82.11359,Starke,Florida,Anytime Fitness
1764,https://www.anytimefitness.com/locations/chatsworth-california-3393,34.25792,-118.59882,Chatsworth,California,Anytime Fitness
1765,https://www.anytimefitness.com/locations/boise-idaho-1139,43.54206,-116.15323,Boise,Idaho,Anytime Fitness
1766,https://www.anytimefitness.com/locations/mesa-arizona-91,33.363329,-111.655603,Mesa,Arizona,Anytime Fitness
1767,https://www.anytimefitness.com/locations/buckhannon-west-virginia-3873,38.97312,-80.23092,Buckhannon,West Virginia,Anytime Fitness
1768,https://www.anytimefitness.com/locations/walled-lake-michigan-2192,42.53624,-83.48124,Walled Lake,Michigan,Anytime Fitness
1769,https://www.anytimefitness.com/locations/goshen-new-york-5162,41.3974,-74.3342,Goshen,New York,Anytime Fitness
1770,https://www.anytimefitness.com/locations/watford-city-north-dakota-5043,47.798221,-103.28267,Watford City,North Dakota,Anytime Fitness
1771,https://www.anytimefitness.com/locations/roseville-minnesota-252,44.992571,-93.148107,Roseville,Minnesota,Anytime Fitness
1772,https://www.anytimefitness.com/locations/richland-center-wisconsin-3720,43.3179849,-90.3631583,Richland Center,Wisconsin,Anytime Fitness
1773,https://www.anytimefitness.com/locations/elma-washington-1346,46.99787,-123.4452,Elma,Washington,Anytime Fitness
1774,https://www.anytimefitness.com/locations/uncasville-connecticut-2758,41.47987,-72.10429,Uncasville,Connecticut,Anytime Fitness
1775,https://www.anytimefitness.com/locations/yankton-south-dakota-305,42.899761,-97.399799,Yankton,South Dakota,Anytime Fitness
1776,https://www.anytimefitness.com/locations/san-antonio-texas-4898,29.422245,-98.777365,San Antonio,Texas,Anytime Fitness
1777,https://www.anytimefitness.com/locations/springdale-arkansas-2530,36.17673,-94.2086,Springdale,Arkansas,Anytime Fitness
1778,https://www.anytimefitness.com/locations/porterville-california-5508,36.081651,-119.038145,Porterville,California,Anytime Fitness
1779,https://www.anytimefitness.com/locations/college-station-texas-2939,30.562654,-96.25928,College Station,Texas,Anytime Fitness
1780,https://www.anytimefitness.com/locations/bryant-arkansas-2216,34.625522,-92.49592,Bryant,Arkansas,Anytime Fitness
1781,https://www.anytimefitness.com/locations/melbourne-florida-2097,28.03559,-80.62601,Melbourne,Florida,Anytime Fitness
1782,https://www.anytimefitness.com/locations/longs-south-carolina-5044,33.891702,-78.693453,Longs,South Carolina,Anytime Fitness
1783,https://www.anytimefitness.com/locations/taneytown-maryland-4034,39.64813,-77.15811,Taneytown,Maryland,Anytime Fitness
1784,https://www.anytimefitness.com/locations/muscatine-iowa-1060,41.44677,-91.02861,Muscatine,Iowa,Anytime Fitness
1785,https://www.anytimefitness.com/locations/minneapolis-minnesota-4289,44.91792,-93.21618,Minneapolis,Minnesota,Anytime Fitness
1786,https://www.anytimefitness.com/locations/mead-colorado-3948,40.235469,-105.000138,Mead,Colorado,Anytime Fitness
1787,https://www.anytimefitness.com/locations/denham-springs-(watson)-louisiana-88,30.53865,-90.95578,Denham Springs (Watson),Louisiana,Anytime Fitness
1788,https://www.anytimefitness.com/locations/culpeper-virginia-1465,38.479238,-77.976365,Culpeper,Virginia,Anytime Fitness
1789,https://www.anytimefitness.com/locations/monroe-louisiana-1702,32.53715882,-92.10576647,Monroe,Louisiana,Anytime Fitness
1790,https://www.anytimefitness.com/locations/ortonville-michigan-2447,42.85645,-83.45455,Ortonville,Michigan,Anytime Fitness
1791,https://www.anytimefitness.com/locations/norwalk-ohio-2786,41.22665,-82.60138,Norwalk,Ohio,Anytime Fitness
1792,https://www.anytimefitness.com/locations/williston-north-dakota-778,48.15925,-103.64665,Williston,North Dakota,Anytime Fitness
1793,https://www.anytimefitness.com/locations/loves-park-illinois-2704,42.30788,-89.05714,Loves Park,Illinois,Anytime Fitness
1794,https://www.anytimefitness.com/locations/beeville-texas-1053,28.4064,-97.73485,Beeville,Texas,Anytime Fitness
1795,https://www.anytimefitness.com/locations/lee's-summit-missouri-5197,38.854862,-94.379624,Lee's Summit,Missouri,Anytime Fitness
1796,https://www.anytimefitness.com/locations/grovetown-georgia-3233,33.4508,-82.19716,Grovetown,Georgia,Anytime Fitness
1797,https://www.anytimefitness.com/locations/woodstock-virginia-2342,38.86482,-78.5165,Woodstock,Virginia,Anytime Fitness
1798,https://www.anytimefitness.com/locations/norwalk-iowa-140,41.48788,-93.67492,Norwalk,Iowa,Anytime Fitness
1799,https://www.anytimefitness.com/locations/fort-mill-south-carolina-629,35.06103,-80.96198,Fort Mill,South Carolina,Anytime Fitness
1800,https://www.anytimefitness.com/locations/lubbock-texas-3444,33.49988,-101.94074,Lubbock,Texas,Anytime Fitness
1801,https://www.anytimefitness.com/locations/millersville-maryland-4668,39.118484,-76.632954,Millersville,Maryland,Anytime Fitness
1802,https://www.anytimefitness.com/locations/liberty-hill-texas-2953,30.67289,-97.92101,Liberty Hill,Texas,Anytime Fitness
1803,https://www.anytimefitness.com/locations/glenwood-springs-colorado-4776,39.463908,-107.264633,Glenwood Springs,Colorado,Anytime Fitness
1804,https://www.anytimefitness.com/locations/forney-texas-1271,32.74304,-96.44241,Forney,Texas,Anytime Fitness
1805,https://www.anytimefitness.com/locations/shelby-charter-township-michigan-5087,42.69781,-83.09349,Shelby Charter Township,Michigan,Anytime Fitness
1806,https://www.anytimefitness.com/locations/gig-harbor-washington-1369,47.30646,-122.58317,Gig Harbor,Washington,Anytime Fitness
1807,https://www.anytimefitness.com/locations/puyallup-washington-5121,47.09596,-122.31534,Puyallup,Washington,Anytime Fitness
1808,https://www.anytimefitness.com/locations/lake-in-the-hills-illinois-4393,42.20381,-88.38234,Lake in the Hills,Illinois,Anytime Fitness
1809,https://www.anytimefitness.com/locations/excelsior-springs-missouri-234,39.35115,-94.23481,Excelsior Springs,Missouri,Anytime Fitness
1810,https://www.anytimefitness.com/locations/port-richey-florida-3581,28.30346,-82.70523,Port Richey,Florida,Anytime Fitness
1811,https://www.anytimefitness.com/locations/pinehurst-north-carolina-4800,35.20479,-79.485598,Pinehurst,North Carolina,Anytime Fitness
1812,https://www.anytimefitness.com/locations/richardson-texas-4101,32.96143,-96.7508,Richardson,Texas,Anytime Fitness
1813,https://www.anytimefitness.com/locations/seal-beach-california-1491,33.75908,-118.08051,Seal Beach,California,Anytime Fitness
1814,https://www.anytimefitness.com/locations/hurricane-west-virginia-2840,38.45911,-81.93295,Hurricane,West Virginia,Anytime Fitness
1815,https://www.anytimefitness.com/locations/davison-michigan-1774,43.03548,-83.51662,Davison,Michigan,Anytime Fitness
1816,https://www.anytimefitness.com/locations/little-canada-minnesota-3132,45.021799,-93.105468,Little Canada,Minnesota,Anytime Fitness
1817,https://www.anytimefitness.com/locations/sarver-pennsylvania-5155,40.69877,-79.722682,Sarver,Pennsylvania,Anytime Fitness
1818,https://www.anytimefitness.com/locations/wake-village-texas-1238,33.42006,-94.12398,Wake Village,Texas,Anytime Fitness
1819,https://www.anytimefitness.com/locations/oakland-nebraska-2777,41.83557,-96.46659,Oakland,Nebraska,Anytime Fitness
1820,https://www.anytimefitness.com/locations/norfolk-virginia-935,36.915757,-76.225701,Norfolk,Virginia,Anytime Fitness
1821,https://www.anytimefitness.com/locations/brunswick-georgia-1676,31.24496,-81.48752,Brunswick,Georgia,Anytime Fitness
1822,https://www.anytimefitness.com/locations/cromwell-connecticut-3249,41.60605,-72.67836,Cromwell,Connecticut,Anytime Fitness
1823,https://www.anytimefitness.com/locations/wisconsin-dells-wisconsin-3248,43.58701,-89.81433,Wisconsin Dells,Wisconsin,Anytime Fitness
1824,https://www.anytimefitness.com/locations/cheswick-pennsylvania-3864,40.54011,-79.7937,Cheswick,Pennsylvania,Anytime Fitness
1825,https://www.anytimefitness.com/locations/port-saint-lucie-florida-1932,27.273838,-80.35158,Port Saint Lucie,Florida,Anytime Fitness
1826,https://www.anytimefitness.com/locations/albuquerque-new-mexico-622,35.1468,-106.52445,Albuquerque,New Mexico,Anytime Fitness
1827,https://www.anytimefitness.com/locations/york-south-carolina-2717,34.98445,-81.21589,York,South Carolina,Anytime Fitness
1828,https://www.anytimefitness.com/locations/michigan-city-indiana-2382,41.6786,-86.8998,Michigan City,Indiana,Anytime Fitness
1829,https://www.anytimefitness.com/locations/jackson-california-956,38.37148,-120.80009,Jackson,California,Anytime Fitness
1830,https://www.anytimefitness.com/locations/indianapolis-indiana-1514,39.88169,-86.06721,Indianapolis,Indiana,Anytime Fitness
1831,https://www.anytimefitness.com/locations/haslet-texas-3685,32.969537,-97.35401,Haslet,Texas,Anytime Fitness
1832,https://www.anytimefitness.com/locations/greenfield-indiana-2689,39.81087,-85.76723,Greenfield,Indiana,Anytime Fitness
1833,https://www.anytimefitness.com/locations/lakewood-washington-2121,47.179189,-122.55158,Lakewood,Washington,Anytime Fitness
1834,https://www.anytimefitness.com/locations/vernal-utah-3340,40.437293,-109.56595,Vernal,Utah,Anytime Fitness
1835,https://www.anytimefitness.com/locations/canton-georgia-1115,34.17164,-84.41612,Canton,Georgia,Anytime Fitness
1836,https://www.anytimefitness.com/locations/colusa-california-5426,39.20365,-122.00303,Colusa,California,Anytime Fitness
1837,https://www.anytimefitness.com/locations/beatrice-nebraska-132,40.29079,-96.74861,Beatrice,Nebraska,Anytime Fitness
1838,https://www.anytimefitness.com/locations/billings-montana-831,45.82582,-108.46942,Billings,Montana,Anytime Fitness
1839,https://www.anytimefitness.com/locations/hazlehurst-georgia-3463,31.86367,-82.58831,Hazlehurst,Georgia,Anytime Fitness
1840,https://www.anytimefitness.com/locations/san-antonio-texas-4547,29.529471,-98.685877,San Antonio,Texas,Anytime Fitness
1841,https://www.anytimefitness.com/locations/plano-texas-2406,33.039903,-96.73387,Plano,Texas,Anytime Fitness
1842,https://www.anytimefitness.com/locations/durant-oklahoma-3708,33.998625,-96.411352,Durant,Oklahoma,Anytime Fitness
1843,https://www.anytimefitness.com/locations/joshua-texas-3554,32.48392,-97.37815,Joshua,Texas,Anytime Fitness
1844,https://www.anytimefitness.com/locations/spencer-iowa-1699,43.14269,-95.14456,Spencer,Iowa,Anytime Fitness
1845,https://www.anytimefitness.com/locations/barstow-california-970,34.8961,-117.0069,Barstow,California,Anytime Fitness
1846,https://www.anytimefitness.com/locations/canandaigua-new-york-3749,42.87669,-77.24823,Canandaigua,New York,Anytime Fitness
1847,https://www.anytimefitness.com/locations/east-grand-forks-minnesota-2207,47.93534,-97.01951,East Grand Forks,Minnesota,Anytime Fitness
1848,https://www.anytimefitness.com/locations/glendale-arizona-2810,33.59744,-112.201,Glendale,Arizona,Anytime Fitness
1849,https://www.anytimefitness.com/locations/mckees-rocks-pennsylvania-5319,40.473533,-80.096861,McKees Rocks,Pennsylvania,Anytime Fitness
1850,https://www.anytimefitness.com/locations/apple-valley-california-1438,34.49965,-117.24323,Apple Valley,California,Anytime Fitness
1851,https://www.anytimefitness.com/locations/bluefield-virginia-3909,37.24028,-81.25209,Bluefield,Virginia,Anytime Fitness
1852,https://www.anytimefitness.com/locations/bedford-hills-new-york-3925,41.22474,-73.71354,Bedford Hills,New York,Anytime Fitness
1853,https://www.anytimefitness.com/locations/pawleys-island-south-carolina-3513,33.48225,-79.09825,Pawleys Island,South Carolina,Anytime Fitness
1854,https://www.anytimefitness.com/locations/laguna-hills-california-4841,33.609562,-117.723516,Laguna Hills,California,Anytime Fitness
1855,https://www.anytimefitness.com/locations/atlanta-georgia-3766,33.83722,-84.37002,Atlanta,Georgia,Anytime Fitness
1856,https://www.anytimefitness.com/locations/santa-cruz-california-4906,36.95673,-122.0412,Santa Cruz,California,Anytime Fitness
1857,https://www.anytimefitness.com/locations/alameda-california-152,37.73748,-122.24033,Alameda,California,Anytime Fitness
1858,https://www.anytimefitness.com/locations/corsicana-texas-1130,32.09236,-96.47026,Corsicana,Texas,Anytime Fitness
1859,https://www.anytimefitness.com/locations/cumming-georgia-126,34.2594,-84.06906,Cumming,Georgia,Anytime Fitness
1860,https://www.anytimefitness.com/locations/port-washington-wisconsin-662,43.3878,-87.90828,Port Washington,Wisconsin,Anytime Fitness
1861,https://www.anytimefitness.com/locations/bayshore-gardens-florida-3727,27.43407,-82.57661,Bayshore Gardens,Florida,Anytime Fitness
1862,https://www.anytimefitness.com/locations/nebraska-city-nebraska-3119,40.66179,-95.86018,Nebraska City,Nebraska,Anytime Fitness
1863,https://www.anytimefitness.com/locations/skokie-illinois-3550,42.00861,-87.76225,Skokie,Illinois,Anytime Fitness
1864,https://www.anytimefitness.com/locations/east-bridgewater-massachusetts-4879,42.02654,-70.959227,East Bridgewater,Massachusetts,Anytime Fitness
1865,https://www.anytimefitness.com/locations/wenatchee-washington-2962,47.43609,-120.32124,Wenatchee,Washington,Anytime Fitness
1866,https://www.anytimefitness.com/locations/vineyard-utah-3329,40.29766,-111.73479,Vineyard,Utah,Anytime Fitness
1867,https://www.anytimefitness.com/locations/mount-vernon-ohio-3002,40.40316,-82.44829,Mount Vernon,Ohio,Anytime Fitness
1868,https://www.anytimefitness.com/locations/seagoville-texas-3913,32.6495,-96.53637,Seagoville,Texas,Anytime Fitness
1869,https://www.anytimefitness.com/locations/danville-pennsylvania-3106,40.9583,-76.61326,Danville,Pennsylvania,Anytime Fitness
1870,https://www.anytimefitness.com/locations/bowling-green-ohio-3753,41.38817,-83.64957,Bowling Green,Ohio,Anytime Fitness
1871,https://www.anytimefitness.com/locations/walker-louisiana-346,30.47991,-90.86406,Walker,Louisiana,Anytime Fitness
1872,https://www.anytimefitness.com/locations/perryton-texas-4252,36.3976812,-100.8029537,Perryton,Texas,Anytime Fitness
1873,https://www.anytimefitness.com/locations/bethany-oklahoma-2985,35.4928,-97.6386,Bethany,Oklahoma,Anytime Fitness
1874,https://www.anytimefitness.com/locations/athens-texas-715,32.20312,-95.85354,Athens,Texas,Anytime Fitness
1875,https://www.anytimefitness.com/locations/san-antonio-texas-5479,29.662136,-98.436583,San Antonio,Texas,Anytime Fitness
1876,https://www.anytimefitness.com/locations/bristow-virginia-800,38.73328,-77.55157,Bristow,Virginia,Anytime Fitness
1877,https://www.anytimefitness.com/locations/covina-california-4216,34.08452,-117.89031,Covina,California,Anytime Fitness
1878,https://www.anytimefitness.com/locations/savannah-georgia-2460,32.04157,-81.00798,Savannah,Georgia,Anytime Fitness
1879,https://www.anytimefitness.com/locations/morgan-city-louisiana-2170,29.68319,-91.26317,Morgan City,Louisiana,Anytime Fitness
1880,https://www.anytimefitness.com/locations/burnham-pennsylvania-3206,40.630001,-77.570295,Burnham,Pennsylvania,Anytime Fitness
1881,https://www.anytimefitness.com/locations/stevensville-montana-3316,46.52099,-114.11249,Stevensville,Montana,Anytime Fitness
1882,https://www.anytimefitness.com/locations/ukiah-california-1779,39.15003,-123.19765,Ukiah,California,Anytime Fitness
1883,https://www.anytimefitness.com/locations/san-antonio-texas-361,29.59259,-98.52917,San Antonio,Texas,Anytime Fitness
1884,https://www.anytimefitness.com/locations/livonia-michigan-5363,42.4049,-83.334359,Livonia,Michigan,Anytime Fitness
1885,https://www.anytimefitness.com/locations/franklin-louisiana-2240,29.80773,-91.5061,Franklin,Louisiana,Anytime Fitness
1886,https://www.anytimefitness.com/locations/valparaiso-indiana-3430,41.495677,-87.043274,Valparaiso,Indiana,Anytime Fitness
1887,https://www.anytimefitness.com/locations/redding-california-2615,40.57423,-122.41539,Redding,California,Anytime Fitness
1888,https://www.anytimefitness.com/locations/acton-massachusetts-3511,42.44218,-71.4294,Acton,Massachusetts,Anytime Fitness
1889,https://www.anytimefitness.com/locations/bradford-pennsylvania-4882,41.979249,-78.619098,Bradford,Pennsylvania,Anytime Fitness
1890,https://www.anytimefitness.com/locations/coon-rapids-minnesota-526,45.1669619,-93.3285863,Coon Rapids,Minnesota,Anytime Fitness
1891,https://www.anytimefitness.com/locations/fort-wayne-indiana-4337,41.10052,-85.05699,Fort Wayne,Indiana,Anytime Fitness
1892,https://www.anytimefitness.com/locations/atlantic-iowa-2159,41.40509,-94.99118,Atlantic,Iowa,Anytime Fitness
1893,https://www.anytimefitness.com/locations/port-charlotte-florida-3680,27.016769,-82.056578,Port Charlotte,Florida,Anytime Fitness
1894,https://www.anytimefitness.com/locations/bossier-city-louisiana-979,32.56151,-93.63924,Bossier City,Louisiana,Anytime Fitness
1895,https://www.anytimefitness.com/locations/blackfoot-idaho-907,43.19724,-112.36248,Blackfoot,Idaho,Anytime Fitness
1896,https://www.anytimefitness.com/locations/federal-way-washington-3832,47.32389,-122.35602,Federal Way,Washington,Anytime Fitness
1897,https://www.anytimefitness.com/locations/findlay-ohio-1125,41.052352,-83.607561,Findlay,Ohio,Anytime Fitness
1898,https://www.anytimefitness.com/locations/springdale-arkansas-2845,36.16739,-94.1132,Springdale,Arkansas,Anytime Fitness
1899,https://www.anytimefitness.com/locations/canton-georgia-700,34.19452,-84.5084,Canton,Georgia,Anytime Fitness
1900,https://www.anytimefitness.com/locations/snoqualmie-washington-3245,47.53126,-121.87363,Snoqualmie,Washington,Anytime Fitness
1901,https://www.anytimefitness.com/locations/shreveport-louisiana-1983,32.398965,-93.806573,Shreveport,Louisiana,Anytime Fitness
1902,https://www.anytimefitness.com/locations/prosper-texas-2679,33.24854,-96.78218,Prosper,Texas,Anytime Fitness
1903,https://www.anytimefitness.com/locations/tampa-florida-1303,28.04293,-82.59275,Tampa,Florida,Anytime Fitness
1904,https://www.anytimefitness.com/locations/apollo-beach-florida-498,27.76221,-82.39487,Apollo Beach,Florida,Anytime Fitness
1905,https://www.anytimefitness.com/locations/redmond-oregon-556,44.268598,-121.189119,Redmond,Oregon,Anytime Fitness
1906,https://www.anytimefitness.com/locations/santa-clara-california-2980,37.33823,-121.97456,Santa Clara,California,Anytime Fitness
1907,https://www.anytimefitness.com/locations/kingston-massachusetts-1773,42.012489,-70.730006,Kingston,Massachusetts,Anytime Fitness
1908,https://www.anytimefitness.com/locations/punxsutawney-pennsylvania-3204,40.945951,-78.968731,Punxsutawney,Pennsylvania,Anytime Fitness
1909,https://www.anytimefitness.com/locations/boerne-texas-2871,29.78908,-98.71798,Boerne,Texas,Anytime Fitness
1910,https://www.anytimefitness.com/locations/petoskey-michigan-2442,45.34517,-84.97161,Petoskey,Michigan,Anytime Fitness
1911,https://www.anytimefitness.com/locations/pampa-texas-2251,35.57126,-100.96694,Pampa,Texas,Anytime Fitness
1912,https://www.anytimefitness.com/locations/magnolia-texas-5421,30.2209829,-95.6075311,Magnolia,Texas,Anytime Fitness
1913,https://www.anytimefitness.com/locations/estero-florida-5447,26.424386,-81.812612,Estero,Florida,Anytime Fitness
1914,https://www.anytimefitness.com/locations/st.-clair-shores-michigan-1336,42.51485,-82.89799,St. Clair Shores,Michigan,Anytime Fitness
1915,https://www.anytimefitness.com/locations/springfield-oregon-1279,44.059427,-122.993003,Springfield,Oregon,Anytime Fitness
1916,https://www.anytimefitness.com/locations/manchester-connecticut-3356,41.80992,-72.51428,Manchester,Connecticut,Anytime Fitness
1917,https://www.anytimefitness.com/locations/monroe-wisconsin-2226,42.60888,-89.66682,Monroe,Wisconsin,Anytime Fitness
1918,https://www.anytimefitness.com/locations/ankeny-iowa-2828,41.70463,-93.62666,Ankeny,Iowa,Anytime Fitness
1919,https://www.anytimefitness.com/locations/apple-valley-minnesota-165,44.73135,-93.19915,Apple Valley,Minnesota,Anytime Fitness
1920,https://www.anytimefitness.com/locations/snohomish-washington-3293,47.94171,-122.10772,Snohomish,Washington,Anytime Fitness
1921,https://www.anytimefitness.com/locations/gretna-nebraska-244,41.13054,-96.25285,Gretna,Nebraska,Anytime Fitness
1922,https://www.anytimefitness.com/locations/johns-island-south-carolina-2715,32.72918,-80.065044,Johns Island,South Carolina,Anytime Fitness
1923,https://www.anytimefitness.com/locations/oroville-california-1926,39.50234,-121.56278,Oroville,California,Anytime Fitness
1924,https://www.anytimefitness.com/locations/west-plains-missouri-2838,36.74317,-91.87503,West Plains,Missouri,Anytime Fitness
1925,https://www.anytimefitness.com/locations/le-mars-iowa-2355,42.78162,-96.1835,Le Mars,Iowa,Anytime Fitness
1926,https://www.anytimefitness.com/locations/charlotte-north-carolina-4278,35.13827,-80.73711,Charlotte,North Carolina,Anytime Fitness
1927,https://www.anytimefitness.com/locations/chelsea-michigan-153,42.30621,-84.02359,Chelsea,Michigan,Anytime Fitness
1928,https://www.anytimefitness.com/locations/johnstown-colorado-4399,40.40538,-104.97928,Johnstown,Colorado,Anytime Fitness
1929,https://www.anytimefitness.com/locations/lexington-virginia-5615,37.779986,-79.437657,Lexington,Virginia,Anytime Fitness
1930,https://www.anytimefitness.com/locations/oswego-illinois-3631,41.69663,-88.31877,Oswego,Illinois,Anytime Fitness
1931,https://www.anytimefitness.com/locations/newington-connecticut-119,41.65794,-72.72349,Newington,Connecticut,Anytime Fitness
1932,https://www.anytimefitness.com/locations/spicewood-texas-5248,30.331441,-98.025119,Spicewood,Texas,Anytime Fitness
1933,https://www.anytimefitness.com/locations/chandler-texas-1912,32.30895,-95.47295,Chandler,Texas,Anytime Fitness
1934,https://www.anytimefitness.com/locations/franklin-virginia-5163,36.668067,-76.948594,Franklin,Virginia,Anytime Fitness
1935,https://www.anytimefitness.com/locations/charleston-west-virginia-2725,38.3107,-81.56818,Charleston,West Virginia,Anytime Fitness
1936,https://www.anytimefitness.com/locations/bridge-city-texas-1390,30.02716,-93.84055,Bridge City,Texas,Anytime Fitness
1937,https://www.anytimefitness.com/locations/mill-creek-washington-4133,47.8795,-122.21074,Mill Creek,Washington,Anytime Fitness
1938,https://www.anytimefitness.com/locations/grass-valley-california-4224,39.23276,-121.03833,Grass Valley,California,Anytime Fitness
1939,https://www.anytimefitness.com/locations/myrtle-beach-south-carolina-4857,33.7324546,-78.948896,Myrtle Beach,South Carolina,Anytime Fitness
1940,https://www.anytimefitness.com/locations/carroll-iowa-542,42.074446,-94.880635,Carroll,Iowa,Anytime Fitness
1941,https://www.anytimefitness.com/locations/marshall-minnesota-227,44.448005,-95.787932,Marshall,Minnesota,Anytime Fitness
1942,https://www.anytimefitness.com/locations/alma-georgia-406,31.53038,-82.46248,Alma,Georgia,Anytime Fitness
1943,https://www.anytimefitness.com/locations/southington-connecticut-3388,41.64035,-72.87175,Southington,Connecticut,Anytime Fitness
1944,https://www.anytimefitness.com/locations/pryor-oklahoma-4201,36.30931,-95.31762,Pryor,Oklahoma,Anytime Fitness
1945,https://www.anytimefitness.com/locations/southbridge-massachusetts-2883,42.06989,-72.01038,Southbridge,Massachusetts,Anytime Fitness
1946,https://www.anytimefitness.com/locations/solon-ohio-1566,41.42344,-81.4776,Solon,Ohio,Anytime Fitness
1947,https://www.anytimefitness.com/locations/sebastian-florida-1457,27.790259,-80.485591,Sebastian,Florida,Anytime Fitness
1948,https://www.anytimefitness.com/locations/san-tan-valley-arizona-1654,33.247999,-111.56154,San Tan Valley,Arizona,Anytime Fitness
1949,https://www.anytimefitness.com/locations/myrtle-beach-south-carolina-3757,33.65631,-78.93461,Myrtle Beach,South Carolina,Anytime Fitness
1950,https://www.anytimefitness.com/locations/purcellville-virginia-3520,39.1373261,-77.70702,Purcellville,Virginia,Anytime Fitness
1951,https://www.anytimefitness.com/locations/hudson-falls-new-york-1778,43.31893,-73.57004,Hudson Falls,New York,Anytime Fitness
1952,https://www.anytimefitness.com/locations/colchester-connecticut-1726,41.54688,-72.41161,Colchester,Connecticut,Anytime Fitness
1953,https://www.anytimefitness.com/locations/mccook-nebraska-3868,40.198862,-100.626069,McCook,Nebraska,Anytime Fitness
1954,https://www.anytimefitness.com/locations/mars-pennsylvania-4455,40.6877262,-80.054557,Mars,Pennsylvania,Anytime Fitness
1955,https://www.anytimefitness.com/locations/clinton-tennessee-4027,36.117679,-84.115906,Clinton,Tennessee,Anytime Fitness
1956,https://www.anytimefitness.com/locations/annapolis-maryland-5344,39.021706,-76.42533,Annapolis,Maryland,Anytime Fitness
1957,https://www.anytimefitness.com/locations/gallup-new-mexico-4837,35.532268,-108.754458,Gallup,New Mexico,Anytime Fitness
1958,https://www.anytimefitness.com/locations/springfield-missouri-901,37.13913,-93.33464,Springfield,Missouri,Anytime Fitness
1959,https://www.anytimefitness.com/locations/temple-texas-2213,31.113611,-97.399863,Temple,Texas,Anytime Fitness
1960,https://www.anytimefitness.com/locations/pine-city-minnesota-2829,45.818165,-92.970747,Pine City,Minnesota,Anytime Fitness
1961,https://www.anytimefitness.com/locations/walden-new-york-3452,41.56507,-74.19231,Walden,New York,Anytime Fitness
1962,https://www.anytimefitness.com/locations/newark-california-3020,37.54922,-122.05231,Newark,California,Anytime Fitness
1963,https://www.anytimefitness.com/locations/minot-north-dakota-200,48.21002,-101.29827,Minot,North Dakota,Anytime Fitness
1964,https://www.anytimefitness.com/locations/vero-beach-florida-1267,27.58918,-80.41492,Vero Beach,Florida,Anytime Fitness
1965,https://www.anytimefitness.com/locations/cedar-hill-texas-4315,32.5885,-96.94471,Cedar Hill,Texas,Anytime Fitness
1966,https://www.anytimefitness.com/locations/round-rock-texas-3504,30.496642,-97.646763,Round Rock,Texas,Anytime Fitness
1967,https://www.anytimefitness.com/locations/schaumburg-illinois-3345,42.001885,-88.125974,Schaumburg,Illinois,Anytime Fitness
1968,https://www.anytimefitness.com/locations/demotte-indiana-3037,41.18817,-87.1797,DeMotte,Indiana,Anytime Fitness
1969,https://www.anytimefitness.com/locations/charlotte-north-carolina-5308,35.168084,-80.972881,Charlotte,North Carolina,Anytime Fitness
1970,https://www.anytimefitness.com/locations/orrville-ohio-5253,40.84386,-81.76718,Orrville,Ohio,Anytime Fitness
1971,https://www.anytimefitness.com/locations/palatine-illinois-3568,42.12588,-88.0614,Palatine,Illinois,Anytime Fitness
1972,https://www.anytimefitness.com/locations/framingham-massachusetts-2941,42.29704,-71.44783,Framingham,Massachusetts,Anytime Fitness
1973,https://www.anytimefitness.com/locations/ferndale-washington-3458,48.856003,-122.58943,Ferndale,Washington,Anytime Fitness
1974,https://www.anytimefitness.com/locations/northborough-massachusetts-4577,42.28461,-71.67034,Northborough,Massachusetts,Anytime Fitness
1975,https://www.anytimefitness.com/locations/naples-florida-1508,26.20982,-81.75012,Naples,Florida,Anytime Fitness
1976,https://www.anytimefitness.com/locations/eden-prairie-minnesota-4813,44.8210418,-93.401373,Eden Prairie,Minnesota,Anytime Fitness
1977,https://www.anytimefitness.com/locations/bellingham-washington-4949,48.715245,-122.476478,Bellingham,Washington,Anytime Fitness
1978,https://www.anytimefitness.com/locations/new-ulm-minnesota-1176,44.31214,-94.45854,New Ulm,Minnesota,Anytime Fitness
1979,https://www.anytimefitness.com/locations/lexington-tennessee-2624,35.65713,-88.41171,Lexington,Tennessee,Anytime Fitness
1980,https://www.anytimefitness.com/locations/ruckersville-virginia-894,38.19442,-78.39376,Ruckersville,Virginia,Anytime Fitness
1981,https://www.anytimefitness.com/locations/eau-claire-wisconsin-1025,44.80172,-91.50702,Eau Claire,Wisconsin,Anytime Fitness
1982,https://www.anytimefitness.com/locations/baton-rouge-louisiana-1646,30.53202,-91.06088,Baton Rouge,Louisiana,Anytime Fitness
1983,https://www.anytimefitness.com/locations/arkansas-city-kansas-2721,37.08629,-97.04104,Arkansas City,Kansas,Anytime Fitness
1984,https://www.anytimefitness.com/locations/pleasant-hill-iowa-2977,41.60132,-93.52559,Pleasant Hill,Iowa,Anytime Fitness
1985,https://www.anytimefitness.com/locations/price-utah-5404,39.5985863,-110.8235435,Price,Utah,Anytime Fitness
1986,https://www.anytimefitness.com/locations/groton-massachusetts-541,42.623188,-71.588067,Groton,Massachusetts,Anytime Fitness
1987,https://www.anytimefitness.com/locations/ashland-massachusetts-2564,42.2405,-71.4329,Ashland,Massachusetts,Anytime Fitness
1988,https://www.anytimefitness.com/locations/arvada-colorado-2069,39.814874,-105.079656,Arvada,Colorado,Anytime Fitness
1989,https://www.anytimefitness.com/locations/lantana-texas-3892,33.07335,-97.11352,Lantana,Texas,Anytime Fitness
1990,https://www.anytimefitness.com/locations/osprey-florida-4727,27.17767,-82.48246,Osprey,Florida,Anytime Fitness
1991,https://www.anytimefitness.com/locations/rapid-city-south-dakota-945,44.06819,-103.18864,Rapid City,South Dakota,Anytime Fitness
1992,https://www.anytimefitness.com/locations/raleigh-north-carolina-5427,35.665136,-78.697285,Raleigh,North Carolina,Anytime Fitness
1993,https://www.anytimefitness.com/locations/bradenton-florida-3730,27.49478,-82.60172,Bradenton,Florida,Anytime Fitness
1994,https://www.anytimefitness.com/locations/scottsdale-arizona-3937,33.69512,-111.91608,Scottsdale,Arizona,Anytime Fitness
1995,https://www.anytimefitness.com/locations/wapato-washington-3744,46.448073,-120.422274,Wapato,Washington,Anytime Fitness
1996,https://www.anytimefitness.com/locations/prunedale-california-3578,36.79339,-121.66526,Prunedale,California,Anytime Fitness
1997,https://www.anytimefitness.com/locations/arcadia-california-4357,34.15114,-118.03123,Arcadia,California,Anytime Fitness
1998,https://www.anytimefitness.com/locations/port-orange-florida-3296,29.131341,-81.005886,Port Orange,Florida,Anytime Fitness
1999,https://www.anytimefitness.com/locations/crosby-texas-4462,29.9045338,-95.0630732,Crosby,Texas,Anytime Fitness
2000,https://www.anytimefitness.com/locations/fenton-michigan-5128,42.80994,-83.70775,Fenton,Michigan,Anytime Fitness
2001,https://www.anytimefitness.com/locations/mandeville-louisiana-624,30.40005,-90.10919,Mandeville,Louisiana,Anytime Fitness
2002,https://www.anytimefitness.com/locations/bastrop-louisiana-2938,32.778717,-91.892499,Bastrop,Louisiana,Anytime Fitness
2003,https://www.anytimefitness.com/locations/goose-creek-south-carolina-3870,33.02426,-80.05646,Goose Creek,South Carolina,Anytime Fitness
2004,https://www.anytimefitness.com/locations/yulee-florida-319,30.62801,-81.55757,Yulee,Florida,Anytime Fitness
2005,https://www.anytimefitness.com/locations/belvidere-illinois-5245,42.242209,-88.84254,Belvidere,Illinois,Anytime Fitness
2006,https://www.anytimefitness.com/locations/lake-havasu-city-arizona-1077,34.47259,-114.34193,Lake Havasu City,Arizona,Anytime Fitness
2007,https://www.anytimefitness.com/locations/titusville-florida-1843,28.586547,-80.819725,Titusville,Florida,Anytime Fitness
2008,https://www.anytimefitness.com/locations/folkston-georgia-2197,30.82519,-82.0034,Folkston,Georgia,Anytime Fitness
2009,https://www.anytimefitness.com/locations/marksville-louisiana-603,31.11318,-92.06591,Marksville,Louisiana,Anytime Fitness
2010,https://www.anytimefitness.com/locations/wichita-kansas-2020,37.6807,-97.46303,Wichita,Kansas,Anytime Fitness
2011,https://www.anytimefitness.com/locations/richfield-minnesota-3192,44.8866419004,-93.24875,Richfield,Minnesota,Anytime Fitness
2012,https://www.anytimefitness.com/locations/kannapolis-north-carolina-4294,35.41547,-80.67943,Kannapolis,North Carolina,Anytime Fitness
2013,https://www.anytimefitness.com/locations/plainview-texas-2252,34.19824,-101.75101,Plainview,Texas,Anytime Fitness
2014,https://www.anytimefitness.com/locations/farmington-connecticut-3362,41.71238,-72.83936,Farmington,Connecticut,Anytime Fitness
2015,https://www.anytimefitness.com/locations/lacey-washington-962,47.043641,-122.831559,Lacey,Washington,Anytime Fitness
2016,https://www.anytimefitness.com/locations/river-falls-wisconsin-304,44.8776,-92.6256,River Falls,Wisconsin,Anytime Fitness
2017,https://www.anytimefitness.com/locations/clearwater-florida-920,28.01431,-82.71133,Clearwater,Florida,Anytime Fitness
2018,https://www.anytimefitness.com/locations/wesley-chapel-north-carolina-2592,35.00338,-80.69923,Wesley Chapel,North Carolina,Anytime Fitness
2019,https://www.anytimefitness.com/locations/albany-louisiana-1314,30.50447,-90.58093,Albany,Louisiana,Anytime Fitness
2020,https://www.anytimefitness.com/locations/el-paso-texas-2334,31.769319,-106.317608,El Paso,Texas,Anytime Fitness
2021,https://www.anytimefitness.com/locations/yerington-nevada-1152,38.99168,-119.16367,Yerington,Nevada,Anytime Fitness
2022,https://www.anytimefitness.com/locations/rexburg-idaho-495,43.80621,-111.80522,Rexburg,Idaho,Anytime Fitness
2023,https://www.anytimefitness.com/locations/raleigh-north-carolina-5217,35.8605,-78.7042,Raleigh,North Carolina,Anytime Fitness
2024,https://www.anytimefitness.com/locations/smyrna-delaware-2328,39.282006,-75.596532,Smyrna,Delaware,Anytime Fitness
2025,https://www.anytimefitness.com/locations/fitchburg-wisconsin-690,43.01064,-89.47846,Fitchburg,Wisconsin,Anytime Fitness
2026,https://www.anytimefitness.com/locations/carver-massachusetts-2436,41.92401,-70.80641,Carver,Massachusetts,Anytime Fitness
2027,https://www.anytimefitness.com/locations/waynesville-missouri-2571,37.81647,-92.21909,Waynesville,Missouri,Anytime Fitness
2028,https://www.anytimefitness.com/locations/milliken-colorado-4538,40.328316,-104.84713,Milliken,Colorado,Anytime Fitness
2029,https://www.anytimefitness.com/locations/loudon-tennessee-3621,35.71839,-84.36406,Loudon,Tennessee,Anytime Fitness
2030,https://www.anytimefitness.com/locations/sevierville-tennessee-2650,35.923768,-83.580653,Sevierville,Tennessee,Anytime Fitness
2031,https://www.anytimefitness.com/locations/new-orleans-louisiana-2659,29.99903,-90.06079,New Orleans,Louisiana,Anytime Fitness
2032,https://www.anytimefitness.com/locations/lenoir-north-carolina-3596,35.912883,-81.524124,Lenoir,North Carolina,Anytime Fitness
2033,https://www.anytimefitness.com/locations/deer-park-washington-926,47.95335,-117.47755,Deer Park,Washington,Anytime Fitness
2034,https://www.anytimefitness.com/locations/cody-wyoming-2975,44.517,-109.074,Cody,Wyoming,Anytime Fitness
2035,https://www.anytimefitness.com/locations/farmington-missouri-2422,37.79177,-90.436711,Farmington,Missouri,Anytime Fitness
2036,https://www.anytimefitness.com/locations/pacifica-california-4472,37.594781,-122.504358,Pacifica,California,Anytime Fitness
2037,https://www.anytimefitness.com/locations/oak-park-california-5401,34.184306,-118.785559,Oak Park,California,Anytime Fitness
2038,https://www.anytimefitness.com/locations/el-cajon-california-3996,32.745207,-116.932372,El Cajon,California,Anytime Fitness
2039,https://www.anytimefitness.com/locations/fayetteville-north-carolina-4659,35.0407801,-79.00081,Fayetteville,North Carolina,Anytime Fitness
2040,https://www.anytimefitness.com/locations/terre-haute-indiana-2041,39.41273,-87.40728,Terre Haute,Indiana,Anytime Fitness
2041,https://www.anytimefitness.com/locations/duluth-georgia-1342,34.023846,-84.139313,Duluth,Georgia,Anytime Fitness
2042,https://www.anytimefitness.com/locations/dubuque-iowa-522,42.51125,-90.72142,Dubuque,Iowa,Anytime Fitness
2043,https://www.anytimefitness.com/locations/munster-indiana-4195,41.52327,-87.50736,Munster,Indiana,Anytime Fitness
2044,https://www.anytimefitness.com/locations/des-moines-washington-4796,47.406714,-122.325557,Des Moines,Washington,Anytime Fitness
2045,https://www.anytimefitness.com/locations/st.-augustine-florida-5216,30.017147,-81.508933,St. Augustine,Florida,Anytime Fitness
2046,https://www.anytimefitness.com/locations/shreveport-louisiana-2047,32.44924,-93.86964,Shreveport,Louisiana,Anytime Fitness
2047,https://www.anytimefitness.com/locations/ponchatoula-louisiana-336,30.43623,-90.45414,Ponchatoula,Louisiana,Anytime Fitness
2048,https://www.anytimefitness.com/locations/escanaba-michigan-516,45.748463,-87.079508,Escanaba,Michigan,Anytime Fitness
2049,https://www.anytimefitness.com/locations/aurora-colorado-4692,39.616323,-104.816658,Aurora,Colorado,Anytime Fitness
2050,https://www.anytimefitness.com/locations/waxahachie-texas-983,32.41448,-96.84252,Waxahachie,Texas,Anytime Fitness
2051,https://www.anytimefitness.com/locations/plymouth-massachusetts-564,41.95023,-70.71141,Plymouth,Massachusetts,Anytime Fitness
2052,https://www.anytimefitness.com/locations/dixon-california-278,38.46616,-121.83079,Dixon,California,Anytime Fitness
2053,https://www.anytimefitness.com/locations/hugo-minnesota-285,45.16256,-93.01708,Hugo,Minnesota,Anytime Fitness
2054,https://www.anytimefitness.com/locations/callahan-florida-1211,30.56737,-81.82712,Callahan,Florida,Anytime Fitness
2055,https://www.anytimefitness.com/locations/grenada-mississippi-726,33.77545,-89.82552,Grenada,Mississippi,Anytime Fitness
2056,https://www.anytimefitness.com/locations/ashland-virginia-4556,37.75484,-77.46911,Ashland,Virginia,Anytime Fitness
2057,https://www.anytimefitness.com/locations/knoxville-tennessee-4689,35.925302,-84.042277,Knoxville,Tennessee,Anytime Fitness
2058,https://www.anytimefitness.com/locations/wyoming-pennsylvania-4419,41.300196,-75.851317,Wyoming,Pennsylvania,Anytime Fitness
2059,https://www.anytimefitness.com/locations/timonium-maryland-3483,39.43825,-76.62832,Timonium,Maryland,Anytime Fitness
2060,https://www.anytimefitness.com/locations/siren-wisconsin-1777,45.8079,-92.37323,Siren,Wisconsin,Anytime Fitness
2061,https://www.anytimefitness.com/locations/o'-neill-nebraska-238,42.457549,-98.648885,O' Neill,Nebraska,Anytime Fitness
2062,https://www.anytimefitness.com/locations/crawfordsville-indiana-4413,40.047964,-86.878962,Crawfordsville,Indiana,Anytime Fitness
2063,https://www.anytimefitness.com/locations/ashland-kentucky-3622,38.5019,-82.68188,Ashland,Kentucky,Anytime Fitness
2064,https://www.anytimefitness.com/locations/london-ohio-3003,39.89653,-83.43624,London,Ohio,Anytime Fitness
2065,https://www.anytimefitness.com/locations/middleton-wisconsin-595,43.08424,-89.50154,Middleton,Wisconsin,Anytime Fitness
2066,https://www.anytimefitness.com/locations/newport-rhode-island-4788,41.50864008,-71.3162982,Newport,Rhode Island,Anytime Fitness
2067,https://www.anytimefitness.com/locations/stillwater-minnesota-214,45.03721,-92.82512,Stillwater,Minnesota,Anytime Fitness
2068,https://www.anytimefitness.com/locations/terre-haute-indiana-3050,39.463,-87.41486,Terre Haute,Indiana,Anytime Fitness
2069,https://www.anytimefitness.com/locations/longmont-colorado-78,40.17801,-105.11685,Longmont,Colorado,Anytime Fitness
2070,https://www.anytimefitness.com/locations/bealeton-virginia-3890,38.582922,-77.766182,Bealeton,Virginia,Anytime Fitness
2071,https://www.anytimefitness.com/locations/paris-texas-1184,33.66916,-95.51345,Paris,Texas,Anytime Fitness
2072,https://www.anytimefitness.com/locations/new-palestine-indiana-3360,39.72554,-85.913,New Palestine,Indiana,Anytime Fitness
2073,https://www.anytimefitness.com/locations/poinciana-florida-1904,28.14586,-81.44636,Poinciana,Florida,Anytime Fitness
2074,https://www.anytimefitness.com/locations/downers-grove-illinois-3363,41.78392,-88.03825,Downers Grove,Illinois,Anytime Fitness
2075,https://www.anytimefitness.com/locations/superior-wisconsin-895,46.72107,-92.0907,Superior,Wisconsin,Anytime Fitness
2076,https://www.anytimefitness.com/locations/sonora-california-5037,37.974102,-120.341091,Sonora,California,Anytime Fitness
2077,https://www.anytimefitness.com/locations/dade-city-florida-1164,28.36992,-82.18853,Dade City,Florida,Anytime Fitness
2078,https://www.anytimefitness.com/locations/smithville-texas-5378,30.009127,-97.15908,Smithville,Texas,Anytime Fitness
2079,https://www.anytimefitness.com/locations/college-station-texas-5126,30.630388,-96.331179,College Station,Texas,Anytime Fitness
2080,https://www.anytimefitness.com/locations/newbury-ohio-3665,41.4643,-81.24247,Newbury,Ohio,Anytime Fitness
2081,https://www.anytimefitness.com/locations/prairie-du-sac-(sauk-city)-wisconsin-2955,43.29333,-89.73594,Prairie Du Sac (Sauk City),Wisconsin,Anytime Fitness
2082,https://www.anytimefitness.com/locations/woodbridge-virginia-1121,38.58803,-77.30296,Woodbridge,Virginia,Anytime Fitness
2083,https://www.anytimefitness.com/locations/winnebago-illinois-859,42.27337,-89.24239,Winnebago,Illinois,Anytime Fitness
2084,https://www.anytimefitness.com/locations/savannah-georgia-2741,32.026717,-81.227416,Savannah,Georgia,Anytime Fitness
2085,https://www.anytimefitness.com/locations/richardson-texas-4508,32.93724,-96.719354,Richardson,Texas,Anytime Fitness
2086,https://www.anytimefitness.com/locations/roseville-california-2863,38.74348,-121.25857,Roseville,California,Anytime Fitness
2087,https://www.anytimefitness.com/locations/lumberton-texas-2789,30.26294,-94.22147,Lumberton,Texas,Anytime Fitness
2088,https://www.anytimefitness.com/locations/crowley-texas-3606,32.56654,-97.35381,Crowley,Texas,Anytime Fitness
2089,https://www.anytimefitness.com/locations/monroe-north-carolina-4238,34.9738,-80.51691,Monroe,North Carolina,Anytime Fitness
2090,https://www.anytimefitness.com/locations/reedsburg-wisconsin-2842,43.53232,-90.01345,Reedsburg,Wisconsin,Anytime Fitness
2091,https://www.anytimefitness.com/locations/frankfort-illinois-3443,41.50541,-87.85304,Frankfort,Illinois,Anytime Fitness
2092,https://www.anytimefitness.com/locations/clarkston-michigan-2695,42.75643,-83.48292,Clarkston,Michigan,Anytime Fitness
2093,https://www.anytimefitness.com/locations/granite-bay-california-2363,38.72284,-121.2084,Granite Bay,California,Anytime Fitness
2094,https://www.anytimefitness.com/locations/monona-wisconsin-689,43.05343,-89.32528,Monona,Wisconsin,Anytime Fitness
2095,https://www.anytimefitness.com/locations/olathe-kansas-4211,38.85372,-94.79583,Olathe,Kansas,Anytime Fitness
2096,https://www.anytimefitness.com/locations/grandview-washington-5193,46.260582,-119.924845,Grandview,Washington,Anytime Fitness
2097,https://www.anytimefitness.com/locations/strasburg-virginia-1415,39.00345,-78.3424,Strasburg,Virginia,Anytime Fitness
2098,https://www.anytimefitness.com/locations/el-mirage-arizona-260,33.61055,-112.34145,El Mirage,Arizona,Anytime Fitness
2099,https://www.anytimefitness.com/locations/rockwall-texas-3220,32.901362,-96.458858,Rockwall,Texas,Anytime Fitness
2100,https://www.anytimefitness.com/locations/sonoma-california-3009,38.29398,-122.46863,Sonoma,California,Anytime Fitness
2101,https://www.anytimefitness.com/locations/orland-park-illinois-2837,41.56385,-87.88605,Orland Park,Illinois,Anytime Fitness
2102,https://www.anytimefitness.com/locations/elko-new-market-minnesota-1786,44.57335,-93.35344,Elko-New Market,Minnesota,Anytime Fitness
2103,https://www.anytimefitness.com/locations/chula-vista-california-3919,32.661521,-116.970173,Chula Vista,California,Anytime Fitness
2104,https://www.anytimefitness.com/locations/dacula-georgia-928,34.0029,-83.913,Dacula,Georgia,Anytime Fitness
2105,https://www.anytimefitness.com/locations/selah-washington-4002,46.65177,-120.53006,Selah,Washington,Anytime Fitness
2106,https://www.anytimefitness.com/locations/leesburg-florida-5278,28.7540914,-81.8772804,Leesburg,Florida,Anytime Fitness
2107,https://www.anytimefitness.com/locations/youngsville-louisiana-601,30.11,-92.00812,Youngsville,Louisiana,Anytime Fitness
2108,https://www.anytimefitness.com/locations/macomb-michigan-3270,42.71453,-82.96126,Macomb,Michigan,Anytime Fitness
2109,https://www.anytimefitness.com/locations/spring-texas-2257,30.045259,-95.348495,Spring,Texas,Anytime Fitness
2110,https://www.anytimefitness.com/locations/ferndale-michigan-3696,42.46131,-83.13552,Ferndale,Michigan,Anytime Fitness
2111,https://www.anytimefitness.com/locations/chino-valley-arizona-83,34.75657,-112.45347,Chino Valley,Arizona,Anytime Fitness
2112,https://www.anytimefitness.com/locations/san-jose-california-5039,37.331792,-121.909572,San Jose,California,Anytime Fitness
2113,https://www.anytimefitness.com/locations/amarillo-texas-4451,35.16051,-101.93674,Amarillo,Texas,Anytime Fitness
2114,https://www.anytimefitness.com/locations/schulenburg-texas-4129,29.67994,-96.9051,Schulenburg,Texas,Anytime Fitness
2115,https://www.anytimefitness.com/locations/maplewood-minnesota-5209,45.01791,-93.02126,Maplewood,Minnesota,Anytime Fitness
2116,https://www.anytimefitness.com/locations/new-baltimore-michigan-3336,42.687944,-82.727673,New Baltimore,Michigan,Anytime Fitness
2117,https://www.anytimefitness.com/locations/new-orleans-louisiana-966,30.02087,-90.11185,New Orleans,Louisiana,Anytime Fitness
2118,https://www.anytimefitness.com/locations/crystal-river-florida-2523,28.88052,-82.58263,Crystal River,Florida,Anytime Fitness
2119,https://www.anytimefitness.com/locations/wilmington-north-carolina-3969,34.23779,-77.87735,Wilmington,North Carolina,Anytime Fitness
2120,https://www.anytimefitness.com/locations/hickory-north-carolina-5485,35.701452,-81.301816,Hickory,North Carolina,Anytime Fitness
2121,https://www.anytimefitness.com/locations/picayune-mississippi-658,30.538251,-89.672925,Picayune,Mississippi,Anytime Fitness
2122,https://www.anytimefitness.com/locations/jacksonville-illinois-2224,39.72129,-90.2515,Jacksonville,Illinois,Anytime Fitness
2123,https://www.anytimefitness.com/locations/homosassa-florida-2260,28.77927,-82.55434,Homosassa,Florida,Anytime Fitness
2124,https://www.anytimefitness.com/locations/st.-anthony-minnesota-3979,45.03892,-93.21997,St. Anthony,Minnesota,Anytime Fitness
2125,https://www.anytimefitness.com/locations/waconia-minnesota-4989,44.847153,-93.772325,Waconia,Minnesota,Anytime Fitness
2126,https://www.anytimefitness.com/locations/amarillo-texas-2399,35.17677,-101.81381,Amarillo,Texas,Anytime Fitness
2127,https://www.anytimefitness.com/locations/springboro-ohio-1228,39.57669,-84.22924,Springboro,Ohio,Anytime Fitness
2128,https://www.anytimefitness.com/locations/gilbert-arizona-3712,33.36762,-111.75529,Gilbert,Arizona,Anytime Fitness
2129,https://www.anytimefitness.com/locations/wilton-connecticut-3386,41.17142,-73.41597,Wilton,Connecticut,Anytime Fitness
2130,https://www.anytimefitness.com/locations/redfield-south-dakota-1189,44.87733,-98.51837,Redfield,South Dakota,Anytime Fitness
2131,https://www.anytimefitness.com/locations/alpharetta-georgia-4047,33.98782,-84.27021,Alpharetta,Georgia,Anytime Fitness
2132,https://www.anytimefitness.com/locations/athens-georgia-3112,33.93678,-83.32193,Athens,Georgia,Anytime Fitness
2133,https://www.anytimefitness.com/locations/gramercy-louisiana-1859,30.06249,-90.69764,Gramercy,Louisiana,Anytime Fitness
2134,https://www.anytimefitness.com/locations/denison-texas-3514,33.7607,-96.59031,Denison,Texas,Anytime Fitness
2135,https://www.anytimefitness.com/locations/eden-prairie-minnesota-975,44.86251,-93.463976,Eden Prairie,Minnesota,Anytime Fitness
2136,https://www.anytimefitness.com/locations/melbourne--florida-4430,28.214768,-80.67433,Melbourne ,Florida,Anytime Fitness
2137,https://www.anytimefitness.com/locations/ponte-vedra-beach-florida-4456,30.18971,-81.38154,Ponte Vedra Beach,Florida,Anytime Fitness
2138,https://www.anytimefitness.com/locations/willis-texas-4162,30.42016,-95.49852,Willis,Texas,Anytime Fitness
2139,https://www.anytimefitness.com/locations/brainerd-minnesota-223,46.36237,-94.1814,Brainerd,Minnesota,Anytime Fitness
2140,https://www.anytimefitness.com/locations/woodville-texas-4911,30.762345,-94.415532,Woodville,Texas,Anytime Fitness
2141,https://www.anytimefitness.com/locations/novi-michigan-2903,42.49227,-83.52208,Novi,Michigan,Anytime Fitness
2142,https://www.anytimefitness.com/locations/richmond-virginia-3652,37.534654,-77.52653,Richmond,Virginia,Anytime Fitness
2143,https://www.anytimefitness.com/locations/north-vernon-indiana-1928,39.00616,-85.62146,North Vernon,Indiana,Anytime Fitness
2144,https://www.anytimefitness.com/locations/jonesboro-louisiana-2844,32.2583,-92.72254,Jonesboro,Louisiana,Anytime Fitness
2145,https://www.anytimefitness.com/locations/palestine-texas-2086,31.7326,-95.61174,Palestine,Texas,Anytime Fitness
2146,https://www.anytimefitness.com/locations/vista-california-4838,33.218377224,-117.22697404,Vista,California,Anytime Fitness
2147,https://www.anytimefitness.com/locations/anderson-california-4105,40.45467,-122.28854,Anderson,California,Anytime Fitness
2148,https://www.anytimefitness.com/locations/bolingbrook--illinois-5034,41.705249,-88.119125,Bolingbrook ,Illinois,Anytime Fitness
2149,https://www.anytimefitness.com/locations/brighton-michigan-1019,42.54181,-83.78553,Brighton,Michigan,Anytime Fitness
2150,https://www.anytimefitness.com/locations/columbia-south-carolina-101,34.09738,-81.2208,Columbia,South Carolina,Anytime Fitness
2151,https://www.anytimefitness.com/locations/north-ridgeville-ohio-2880,41.393,-82.00806,North Ridgeville,Ohio,Anytime Fitness
2152,https://www.anytimefitness.com/locations/salinas-california-4916,36.659221,-121.659271,Salinas,California,Anytime Fitness
2153,https://www.anytimefitness.com/locations/pinckney-michigan-1018,42.46221,-83.83249,Pinckney,Michigan,Anytime Fitness
2154,https://www.anytimefitness.com/locations/zillah-washington-4400,46.404477,-120.2678,Zillah,Washington,Anytime Fitness
2155,https://www.anytimefitness.com/locations/fort-walton-beach-florida-3188,30.44897,-86.63044,Fort Walton Beach,Florida,Anytime Fitness
2156,https://www.anytimefitness.com/locations/spokane-washington-504,47.6818,-117.28451,Spokane,Washington,Anytime Fitness
2157,https://www.anytimefitness.com/locations/brazil-indiana-3889,39.524667,-87.116271,Brazil,Indiana,Anytime Fitness
2158,https://www.anytimefitness.com/locations/oakhurst-california-4319,37.331976,-119.658264,Oakhurst,California,Anytime Fitness
2159,https://www.anytimefitness.com/locations/cottage-grove-wisconsin-2781,43.08748,-89.20027,Cottage Grove,Wisconsin,Anytime Fitness
2160,https://www.anytimefitness.com/locations/plainfield-illinois-3959,41.56388,-88.25756,Plainfield,Illinois,Anytime Fitness
2161,https://www.anytimefitness.com/locations/el-cajon-california-4740,32.8240632,-116.9038246,El Cajon,California,Anytime Fitness
2162,https://www.anytimefitness.com/locations/st.-louis-missouri-3922,38.48778,-90.35806,St. Louis,Missouri,Anytime Fitness
2163,https://www.anytimefitness.com/locations/onalaska-wisconsin-2024,43.86871,-91.21406,Onalaska,Wisconsin,Anytime Fitness
2164,https://www.anytimefitness.com/locations/sioux-falls-south-dakota-5080,43.490164,-96.726402,Sioux Falls,South Dakota,Anytime Fitness
2165,https://www.anytimefitness.com/locations/little-rock-arkansas-1146,34.77032,-92.35627,Little Rock,Arkansas,Anytime Fitness
2166,https://www.anytimefitness.com/locations/lebanon-tennessee-1704,36.17304,-86.29911,Lebanon,Tennessee,Anytime Fitness
2167,https://www.anytimefitness.com/locations/republic-missouri-904,37.11945,-93.47161,Republic,Missouri,Anytime Fitness
2168,https://www.anytimefitness.com/locations/stallings-north-carolina-3639,35.07133,-80.69899,Stallings,North Carolina,Anytime Fitness
2169,https://www.anytimefitness.com/locations/poncha-springs-colorado-4790,38.51634,-106.062793,Poncha Springs,Colorado,Anytime Fitness
2170,https://www.anytimefitness.com/locations/milan-tennessee-2481,35.883537,-88.747019,Milan,Tennessee,Anytime Fitness
2171,https://www.anytimefitness.com/locations/ruidoso-new-mexico-4629,33.333643,-105.683789,Ruidoso,New Mexico,Anytime Fitness
2172,https://www.anytimefitness.com/locations/cudahy-wisconsin-864,42.93786,-87.8617,Cudahy,Wisconsin,Anytime Fitness
2173,https://www.anytimefitness.com/locations/placerville-california-2666,38.712762,-120.84272,Placerville,California,Anytime Fitness
2174,https://www.anytimefitness.com/locations/troy-ohio-157,40.04884,-84.22688,Troy,Ohio,Anytime Fitness
2175,https://www.anytimefitness.com/locations/st.-george-utah-5184,37.11034,-113.55359,St. George,Utah,Anytime Fitness
2176,https://www.anytimefitness.com/locations/papillion-nebraska-1239,41.14527,-96.06532,Papillion,Nebraska,Anytime Fitness
2177,https://www.anytimefitness.com/locations/fernandina-beach-florida-2800,30.61851,-81.51609,Fernandina Beach,Florida,Anytime Fitness
2178,https://www.anytimefitness.com/locations/putnam-connecticut-2599,41.92669,-71.87615,Putnam,Connecticut,Anytime Fitness
2179,https://www.anytimefitness.com/locations/ocala-florida-3369,29.07534,-82.263,Ocala,Florida,Anytime Fitness
2180,https://www.anytimefitness.com/locations/bainbridge-georgia-2116,30.88616,-84.56509,Bainbridge,Georgia,Anytime Fitness
2181,https://www.anytimefitness.com/locations/verona-wisconsin-781,42.97383,-89.52713,Verona,Wisconsin,Anytime Fitness
2182,https://www.anytimefitness.com/locations/edinburg-texas-4992,26.269429,-98.200608,Edinburg,Texas,Anytime Fitness
2183,https://www.anytimefitness.com/locations/tallahassee-florida-2371,30.47998,-84.16801,Tallahassee,Florida,Anytime Fitness
2184,https://www.anytimefitness.com/locations/berkley-michigan-1765,42.50322,-83.19089,Berkley,Michigan,Anytime Fitness
2185,https://www.anytimefitness.com/locations/gretna-louisiana-1411,29.906453,-90.053699,Gretna,Louisiana,Anytime Fitness
2186,https://www.anytimefitness.com/locations/baraboo-wisconsin-2770,43.4661,-89.7695,Baraboo,Wisconsin,Anytime Fitness
2187,https://www.anytimefitness.com/locations/north-manchester-indiana-3497,40.9993,-85.77526,North Manchester,Indiana,Anytime Fitness
2188,https://www.anytimefitness.com/locations/chickasha-oklahoma-1285,35.02926,-97.94868,Chickasha,Oklahoma,Anytime Fitness
2189,https://www.anytimefitness.com/locations/belle-chasse-louisiana-5138,29.858591,-89.989835,Belle Chasse,Louisiana,Anytime Fitness
2190,https://www.anytimefitness.com/locations/chelsea-alabama-464,33.35146,-86.6192,Chelsea,Alabama,Anytime Fitness
2191,https://www.anytimefitness.com/locations/folsom-louisiana-2672,30.6265,-90.18732,Folsom,Louisiana,Anytime Fitness
2192,https://www.anytimefitness.com/locations/white-oak-pennsylvania-2926,40.3386,-79.80751,White Oak,Pennsylvania,Anytime Fitness
2193,https://www.anytimefitness.com/locations/stow-ohio-2947,41.20127,-81.43764,Stow,Ohio,Anytime Fitness
2194,https://www.anytimefitness.com/locations/inverness-florida-2184,28.83112,-82.32668,Inverness,Florida,Anytime Fitness
2195,https://www.anytimefitness.com/locations/cameron-missouri-3017,39.75988,-94.23253,Cameron,Missouri,Anytime Fitness
2196,https://www.anytimefitness.com/locations/nisswa-minnesota-961,46.506204,-94.295736,Nisswa,Minnesota,Anytime Fitness
2197,https://www.anytimefitness.com/locations/cloverdale-california-3131,38.79188,-123.01762,Cloverdale,California,Anytime Fitness
2198,https://www.anytimefitness.com/locations/marshfield-wisconsin-1103,44.667993,-90.173114,Marshfield,Wisconsin,Anytime Fitness
2199,https://www.anytimefitness.com/locations/lake-oswego-oregon-2940,45.40681,-122.67658,Lake Oswego,Oregon,Anytime Fitness
2200,https://www.anytimefitness.com/locations/salem-indiana-2600,38.59655,-86.10162,Salem,Indiana,Anytime Fitness
2201,https://www.anytimefitness.com/locations/andrews-south-carolina-5454,33.447826,-79.551977,Andrews,South Carolina,Anytime Fitness
2202,https://www.anytimefitness.com/locations/fallston-maryland-4205,39.49223,-76.39089,Fallston,Maryland,Anytime Fitness
2203,https://www.anytimefitness.com/locations/coeur-d'alene-idaho-3589,47.71492,-116.78094,Coeur d'Alene,Idaho,Anytime Fitness
2204,https://www.anytimefitness.com/locations/mt.-juliet-tennessee-4098,36.16236,-86.51266,Mt. Juliet,Tennessee,Anytime Fitness
2205,https://www.anytimefitness.com/locations/cypress-texas-3243,29.98479,-95.65825,Cypress,Texas,Anytime Fitness
2206,https://www.anytimefitness.com/locations/houston-texas-1254,29.791213,-95.39872,Houston,Texas,Anytime Fitness
2207,https://www.anytimefitness.com/locations/towanda-pennsylvania-4418,41.76669,-76.42232,Towanda,Pennsylvania,Anytime Fitness
2208,https://www.anytimefitness.com/locations/san-antonio-texas-2271,29.68555,-98.47302,San Antonio,Texas,Anytime Fitness
2209,https://www.anytimefitness.com/locations/pacific-grove-california-4502,36.606704,-121.922336,Pacific Grove,California,Anytime Fitness
2210,https://www.anytimefitness.com/locations/new-castle-indiana-322,39.91562,-85.38596,New Castle,Indiana,Anytime Fitness
2211,https://www.anytimefitness.com/locations/bolivar-tennessee-2631,35.25706,-88.98697,Bolivar,Tennessee,Anytime Fitness
2212,https://www.anytimefitness.com/locations/quincy-massachusetts-1195,42.27094,-71.02377,Quincy,Massachusetts,Anytime Fitness
2213,https://www.anytimefitness.com/locations/el-segundo-california-3849,33.924485,-118.395012,El Segundo,California,Anytime Fitness
2214,https://www.anytimefitness.com/locations/storm-lake-iowa-994,42.65342,-95.19982,Storm Lake,Iowa,Anytime Fitness
2215,https://www.anytimefitness.com/locations/maple-grove-minnesota-4394,45.07083,-93.44805,Maple Grove,Minnesota,Anytime Fitness
2216,https://www.anytimefitness.com/locations/miami-arizona-4161,33.416347,-110.826727,Miami,Arizona,Anytime Fitness
2217,https://www.anytimefitness.com/locations/greencastle-indiana-3259,39.64757,-86.83001,Greencastle,Indiana,Anytime Fitness
2218,https://www.anytimefitness.com/locations/poteau-oklahoma-4526,35.101964,-94.635011,Poteau,Oklahoma,Anytime Fitness
2219,https://www.anytimefitness.com/locations/narragansett-rhode-island-2594,41.42874,-71.48443,Narragansett,Rhode Island,Anytime Fitness
2220,https://www.anytimefitness.com/locations/prescott-arizona-4655,34.60191,-112.457748,Prescott,Arizona,Anytime Fitness
2221,https://www.anytimefitness.com/locations/rolling-meadows-illinois-4427,42.07973,-88.01984,Rolling Meadows,Illinois,Anytime Fitness
2222,https://www.anytimefitness.com/locations/waupaca-wisconsin-1104,44.35728,-89.10724,Waupaca,Wisconsin,Anytime Fitness
2223,https://www.anytimefitness.com/locations/hondo-texas-4341,29.34511,-99.15678,Hondo,Texas,Anytime Fitness
2224,https://www.anytimefitness.com/locations/olathe-kansas-4587,38.897308,-94.836917,Olathe,Kansas,Anytime Fitness
2225,https://www.anytimefitness.com/locations/worthington-minnesota-2280,43.6315,-95.598,Worthington,Minnesota,Anytime Fitness
2226,https://www.anytimefitness.com/locations/madison-wisconsin-4442,43.09211,-89.35402,Madison,Wisconsin,Anytime Fitness
2227,https://www.anytimefitness.com/locations/charles-town-west-virginia-4256,39.30071,-77.82942,Charles Town,West Virginia,Anytime Fitness
2228,https://www.anytimefitness.com/locations/port-allen-louisiana-1483,30.456476,-91.247968,Port Allen,Louisiana,Anytime Fitness
2229,https://www.anytimefitness.com/locations/hobart-indiana-3168,41.5513033,-87.2421978,Hobart,Indiana,Anytime Fitness
2230,https://www.anytimefitness.com/locations/glens-falls-new-york-2746,43.3041,-73.66247,Glens Falls,New York,Anytime Fitness
2231,https://www.anytimefitness.com/locations/carencro-louisiana-1741,30.32041,-92.03958,Carencro,Louisiana,Anytime Fitness
2232,https://www.anytimefitness.com/locations/salinas-california-4501,36.69306,-121.59539,Salinas,California,Anytime Fitness
2233,https://www.anytimefitness.com/locations/duluth-minnesota-182,46.73697,-92.16864,Duluth,Minnesota,Anytime Fitness
2234,https://www.anytimefitness.com/locations/fulton-mississippi-3123,34.24981,-88.405499,Fulton,Mississippi,Anytime Fitness
2235,https://www.anytimefitness.com/locations/acworth-georgia-549,34.03725,-84.77472,Acworth,Georgia,Anytime Fitness
2236,https://www.anytimefitness.com/locations/jordan-minnesota-520,44.66658,-93.62563,Jordan,Minnesota,Anytime Fitness
2237,https://www.anytimefitness.com/locations/ames-iowa-236,42.02237,-93.69785,Ames,Iowa,Anytime Fitness
2238,https://www.anytimefitness.com/locations/riverview-florida-2809,27.89189,-82.31903,Riverview,Florida,Anytime Fitness
2239,https://www.anytimefitness.com/locations/worthington-ohio-5259,40.093545,-83.017091,Worthington,Ohio,Anytime Fitness
2240,https://www.anytimefitness.com/locations/washougal-washington-4210,45.57808,-122.35335,Washougal,Washington,Anytime Fitness
2241,https://www.anytimefitness.com/locations/faribault-minnesota-416,44.30936,-93.29225,Faribault,Minnesota,Anytime Fitness
2242,https://www.anytimefitness.com/locations/valparaiso-indiana-2841,41.45957,-87.077528,Valparaiso,Indiana,Anytime Fitness
2243,https://www.anytimefitness.com/locations/spokane-washington-4594,47.589361,-117.563914,Spokane,Washington,Anytime Fitness
2244,https://www.anytimefitness.com/locations/damascus-maryland-2640,39.28883,-77.20183,Damascus,Maryland,Anytime Fitness
2245,https://www.anytimefitness.com/locations/church-point-louisiana-2472,30.403554,-92.215992,Church Point,Louisiana,Anytime Fitness
2246,https://www.anytimefitness.com/locations/tucson-arizona-2814,32.30775,-110.89073,Tucson,Arizona,Anytime Fitness
2247,https://www.anytimefitness.com/locations/winfield-indiana-2854,41.422595,-87.239915,Winfield,Indiana,Anytime Fitness
2248,https://www.anytimefitness.com/locations/spring-hill-florida-3855,28.45285,-82.63287,Spring Hill,Florida,Anytime Fitness
2249,https://www.anytimefitness.com/locations/arab-alabama-4845,34.341609,-86.5024364,Arab,Alabama,Anytime Fitness
2250,https://www.anytimefitness.com/locations/jackson-missouri-3651,37.40033,-89.66033,Jackson,Missouri,Anytime Fitness
2251,https://www.anytimefitness.com/locations/maynard-massachusetts-2262,42.4335,-71.45312,Maynard,Massachusetts,Anytime Fitness
2252,https://www.anytimefitness.com/locations/monument-colorado-721,39.0936,-104.85909,Monument,Colorado,Anytime Fitness
2253,https://www.anytimefitness.com/locations/new-hope-minnesota-2914,45.02109,-93.3788,New Hope,Minnesota,Anytime Fitness
2254,https://www.anytimefitness.com/locations/palm-harbor-florida-1366,28.099667,-82.691522,Palm Harbor,Florida,Anytime Fitness
2255,https://www.anytimefitness.com/locations/guthrie-oklahoma-2364,35.86071,-97.42342,Guthrie,Oklahoma,Anytime Fitness
2256,https://www.anytimefitness.com/locations/jackson-minnesota-3759,43.62177,-94.98757,Jackson,Minnesota,Anytime Fitness
2257,https://www.anytimefitness.com/locations/pittsburgh-pennsylvania-2515,40.5343,-80.06524,Pittsburgh,Pennsylvania,Anytime Fitness
2258,https://www.anytimefitness.com/locations/boise-idaho-436,43.58977,-116.26329,Boise,Idaho,Anytime Fitness
2259,https://www.anytimefitness.com/locations/nashville-georgia-2682,31.20627,-83.24989,Nashville,Georgia,Anytime Fitness
2260,https://www.anytimefitness.com/locations/muskego-wisconsin-4617,42.90383,-88.15312,Muskego,Wisconsin,Anytime Fitness
2261,https://www.anytimefitness.com/locations/loganville-georgia-3118,33.8471,-83.91106,Loganville,Georgia,Anytime Fitness
2262,https://www.anytimefitness.com/locations/youngsville-north-carolina-388,36.03846,-78.49751,Youngsville,North Carolina,Anytime Fitness
2263,https://www.anytimefitness.com/locations/chicago-illinois-5617,41.947635,-87.766692,Chicago,Illinois,Anytime Fitness
2264,https://www.anytimefitness.com/locations/pullman-washington-918,46.71454,-117.17375,Pullman,Washington,Anytime Fitness
2265,https://www.anytimefitness.com/locations/oklahoma-city-oklahoma-585,35.40707,-97.42426,Oklahoma City,Oklahoma,Anytime Fitness
2266,https://www.anytimefitness.com/locations/shreveport-louisiana-3231,32.454,-93.7471,Shreveport,Louisiana,Anytime Fitness
2267,https://www.anytimefitness.com/locations/blytheville-arkansas-4375,35.92787,-89.87683,Blytheville,Arkansas,Anytime Fitness
2268,https://www.anytimefitness.com/locations/greenwood-indiana-3087,39.59463,-86.16084,Greenwood,Indiana,Anytime Fitness
2269,https://www.anytimefitness.com/locations/darien-illinois-5379,41.750818,-87.975656,Darien,Illinois,Anytime Fitness
2270,https://www.anytimefitness.com/locations/columbia-city-indiana-1914,41.17042,-85.49814,Columbia City,Indiana,Anytime Fitness
2271,https://www.anytimefitness.com/locations/san-diego-california-5158,32.71589,-117.16338,San Diego,California,Anytime Fitness
2272,https://www.anytimefitness.com/locations/spanaway-washington-3429,47.054539,-122.397111,Spanaway,Washington,Anytime Fitness
2273,https://www.anytimefitness.com/locations/edmonds-washington-4755,47.792037,-122.368011,Edmonds,Washington,Anytime Fitness
2274,https://www.anytimefitness.com/locations/niles-illinois-5005,42.024741,-87.81489,Niles,Illinois,Anytime Fitness
2275,https://www.anytimefitness.com/locations/jemison-alabama-959,32.957707,-86.743454,Jemison,Alabama,Anytime Fitness
2276,https://www.anytimefitness.com/locations/reidsville-georgia-2855,32.085244,-82.111425,Reidsville,Georgia,Anytime Fitness
2277,https://www.anytimefitness.com/locations/schuyler-nebraska-1659,41.45282,-97.06682,Schuyler,Nebraska,Anytime Fitness
2278,https://www.anytimefitness.com/locations/oshkosh-wisconsin-855,44.02202,-88.58105,Oshkosh,Wisconsin,Anytime Fitness
2279,https://www.anytimefitness.com/locations/sweetwater-tennessee-5011,35.592384,-84.476486,Sweetwater,Tennessee,Anytime Fitness
2280,https://www.anytimefitness.com/locations/tinley-park-illinois-3492,41.56658,-87.81182,Tinley Park,Illinois,Anytime Fitness
2281,https://www.anytimefitness.com/locations/manassas-park-virginia-2997,38.78279,-77.44949,Manassas Park,Virginia,Anytime Fitness
2282,https://www.anytimefitness.com/locations/durand-michigan-4477,42.92283,-83.99101,Durand,Michigan,Anytime Fitness
2283,https://www.anytimefitness.com/locations/lake-wylie-south-carolina-1885,35.11586,-81.07677,Lake Wylie,South Carolina,Anytime Fitness
2284,https://www.anytimefitness.com/locations/marion-indiana-2362,40.574963,-85.678338,Marion,Indiana,Anytime Fitness
2285,https://www.anytimefitness.com/locations/norfolk-virginia-3325,36.870158,-76.296051,Norfolk,Virginia,Anytime Fitness
2286,https://www.anytimefitness.com/locations/fort-pierce-florida-2343,27.44682,-80.32928,Fort Pierce,Florida,Anytime Fitness
2287,https://www.anytimefitness.com/locations/palm-city-florida-1445,27.1536,-80.29688,Palm City,Florida,Anytime Fitness
2288,https://www.anytimefitness.com/locations/dekalb-illinois-3324,41.92046,-88.77516,DeKalb,Illinois,Anytime Fitness
2289,https://www.anytimefitness.com/locations/sioux-city-iowa-1846,42.469807,-96.346261,Sioux City,Iowa,Anytime Fitness
2290,https://www.anytimefitness.com/locations/iron-mountain-michigan-513,45.81246,-88.0631,Iron Mountain,Michigan,Anytime Fitness
2291,https://www.anytimefitness.com/locations/libertyville-illinois-3763,42.30442,-87.981077,Libertyville,Illinois,Anytime Fitness
2292,https://www.anytimefitness.com/locations/gainesville-florida-1114,29.60181,-82.41939,Gainesville,Florida,Anytime Fitness
2293,https://www.anytimefitness.com/locations/johnston-iowa-282,41.66069,-93.73849,Johnston,Iowa,Anytime Fitness
2294,https://www.anytimefitness.com/locations/milton-washington-3986,47.24711,-122.29556,Milton,Washington,Anytime Fitness
2295,https://www.anytimefitness.com/locations/north-branch-minnesota-46,45.51221,-92.99042,North Branch,Minnesota,Anytime Fitness
2296,https://www.anytimefitness.com/locations/milton-florida-3074,30.62063,-87.04984,Milton,Florida,Anytime Fitness
2297,https://www.anytimefitness.com/locations/zephyrhills-florida-2169,28.21921,-82.24479,Zephyrhills,Florida,Anytime Fitness
2298,https://www.anytimefitness.com/locations/van-wert-ohio-3754,40.88851,-84.57711,Van Wert,Ohio,Anytime Fitness
2299,https://www.anytimefitness.com/locations/bemidji-minnesota-19,47.49257,-94.90566,Bemidji,Minnesota,Anytime Fitness
2300,https://www.anytimefitness.com/locations/bellefontaine-ohio-2478,40.36141,-83.7622,Bellefontaine,Ohio,Anytime Fitness
2301,https://www.anytimefitness.com/locations/princeton-minnesota-112,45.573358,-93.60066,Princeton,Minnesota,Anytime Fitness
2302,https://www.anytimefitness.com/locations/fremont-ohio-4316,41.34171,-83.08508,Fremont,Ohio,Anytime Fitness
2303,https://www.anytimefitness.com/locations/canton-south-dakota-5295,43.301319,-96.592836,Canton,South Dakota,Anytime Fitness
2304,https://www.anytimefitness.com/locations/robinson-texas-5469,31.488953,-97.12179,Robinson,Texas,Anytime Fitness
2305,https://www.anytimefitness.com/locations/baton-rouge-louisiana-1860,30.44316,-91.18826,Baton Rouge,Louisiana,Anytime Fitness
2306,https://www.anytimefitness.com/locations/tucson-arizona-2705,32.25745,-110.80325,Tucson,Arizona,Anytime Fitness
2307,https://www.anytimefitness.com/locations/pontiac-michigan-3130,42.641,-83.29233,Pontiac,Michigan,Anytime Fitness
2308,https://www.anytimefitness.com/locations/minden-louisiana-2179,32.624478,-93.254548,Minden,Louisiana,Anytime Fitness
2309,https://www.anytimefitness.com/locations/schuylkill-haven-pennsylvania-2444,40.63765,-76.1604,Schuylkill Haven,Pennsylvania,Anytime Fitness
2310,https://www.anytimefitness.com/locations/st.-anthony-idaho-4102,43.9675,-111.68232,St. Anthony,Idaho,Anytime Fitness
2311,https://www.anytimefitness.com/locations/lindale-texas-1062,32.521488,-95.411995,Lindale,Texas,Anytime Fitness
2312,https://www.anytimefitness.com/locations/petaluma-california-2547,38.23331,-122.60365,Petaluma,California,Anytime Fitness
2313,https://www.anytimefitness.com/locations/waterville-ohio-5292,41.509152,-83.747775,Waterville,Ohio,Anytime Fitness
2314,https://www.anytimefitness.com/locations/granger-washington-4250,46.34334,-120.19556,Granger,Washington,Anytime Fitness
2315,https://www.anytimefitness.com/locations/virginia-beach-virginia-2562,36.85784,-75.98951,Virginia Beach,Virginia,Anytime Fitness
2316,https://www.anytimefitness.com/locations/north-aurora-illinois-4141,41.808791,-88.353458,North Aurora,Illinois,Anytime Fitness
2317,https://www.anytimefitness.com/locations/marengo-illinois-4057,42.240187,-88.586672,Marengo,Illinois,Anytime Fitness
2318,https://www.anytimefitness.com/locations/albuquerque-new-mexico-4017,35.21196,-106.69678,Albuquerque,New Mexico,Anytime Fitness
2319,https://www.anytimefitness.com/locations/morrisville-north-carolina-374,35.82032,-78.84738,Morrisville,North Carolina,Anytime Fitness
2320,https://www.anytimefitness.com/locations/pensacola-florida-2457,30.48888,-87.19779,Pensacola,Florida,Anytime Fitness
2321,https://www.anytimefitness.com/locations/peru-indiana-1978,40.74359,-86.09448,Peru,Indiana,Anytime Fitness
2322,https://www.anytimefitness.com/locations/marquette-michigan-514,46.545457,-87.421853,Marquette,Michigan,Anytime Fitness
2323,https://www.anytimefitness.com/locations/hartford-wisconsin-2566,43.31808,-88.35135,Hartford,Wisconsin,Anytime Fitness
2324,https://www.anytimefitness.com/locations/henderson-texas-3064,32.13371,-94.80504,Henderson,Texas,Anytime Fitness
2325,https://www.anytimefitness.com/locations/champlin-minnesota-284,45.16148,-93.39004,Champlin,Minnesota,Anytime Fitness
2326,https://www.anytimefitness.com/locations/rock-hill-south-carolina-5343,34.978814,-81.064871,Rock Hill,South Carolina,Anytime Fitness
2327,https://www.anytimefitness.com/locations/elizabeth-colorado-4483,39.360465,-104.619424,Elizabeth,Colorado,Anytime Fitness
2328,https://www.anytimefitness.com/locations/newbury-park-california-3154,34.188591,-118.942133,Newbury Park,California,Anytime Fitness
2329,https://www.anytimefitness.com/locations/lawton-oklahoma-963,34.622674,-98.461427,Lawton,Oklahoma,Anytime Fitness
2330,https://www.anytimefitness.com/locations/iowa-city-iowa-1110,41.6478,-91.5451,Iowa City,Iowa,Anytime Fitness
2331,https://www.anytimefitness.com/locations/plainfield-indiana-1222,39.69833,-86.41753,Plainfield,Indiana,Anytime Fitness
2332,https://www.anytimefitness.com/locations/perry-florida-5670,30.09906,-83.582283,Perry,Florida,Anytime Fitness
2333,https://www.anytimefitness.com/locations/sandersville-georgia-3368,32.97275,-82.81062,Sandersville,Georgia,Anytime Fitness
2334,https://www.anytimefitness.com/locations/kensington-maryland-1960,39.031167,-77.08472,Kensington,Maryland,Anytime Fitness
2335,https://www.anytimefitness.com/locations/jarrell-texas-3711,30.809339,-97.610588,Jarrell,Texas,Anytime Fitness
2336,https://www.anytimefitness.com/locations/delaware-ohio-3449,40.267968,-83.0714208,Delaware,Ohio,Anytime Fitness
2337,https://www.anytimefitness.com/locations/haughton-louisiana-2306,32.555544,-93.564621,Haughton,Louisiana,Anytime Fitness
2338,https://www.anytimefitness.com/locations/des-plaines-illinois-4010,42.03589,-87.9392,Des Plaines,Illinois,Anytime Fitness
2339,https://www.anytimefitness.com/locations/wauseon-ohio-3750,41.55856,-84.13314,Wauseon,Ohio,Anytime Fitness
2340,https://www.anytimefitness.com/locations/littleton-colorado-677,39.57815,-105.07194,Littleton,Colorado,Anytime Fitness
2341,https://www.anytimefitness.com/locations/mountain-home-idaho-1493,43.13385,-115.66895,Mountain Home,Idaho,Anytime Fitness
2342,https://www.anytimefitness.com/locations/lakeland-florida-3619,27.95267,-81.8704,Lakeland,Florida,Anytime Fitness
2343,https://www.anytimefitness.com/locations/robert-louisiana-4466,30.500783,-90.343803,Robert,Louisiana,Anytime Fitness
2344,https://www.anytimefitness.com/locations/sterling-colorado-1003,40.62387,-103.22978,Sterling,Colorado,Anytime Fitness
2345,https://www.anytimefitness.com/locations/lebanon-missouri-1305,37.66085,-92.66729,Lebanon,Missouri,Anytime Fitness
2346,https://www.anytimefitness.com/locations/hyannis-massachusetts-4099,41.67628,-70.30528,Hyannis,Massachusetts,Anytime Fitness
2347,https://www.anytimefitness.com/locations/mequon-wisconsin-4948,43.222058,-87.925824,Mequon,Wisconsin,Anytime Fitness
2348,https://www.anytimefitness.com/locations/leawood-kansas-4217,38.889675,-94.609644,Leawood,Kansas,Anytime Fitness
2349,https://www.anytimefitness.com/locations/crestwood-missouri-2925,38.55822,-90.39011,Crestwood,Missouri,Anytime Fitness
2350,https://www.anytimefitness.com/locations/wales-wisconsin-3719,43.01524,-88.3748,Wales,Wisconsin,Anytime Fitness
2351,https://www.anytimefitness.com/locations/austin-texas-2584,30.35451,-97.73308,Austin,Texas,Anytime Fitness
2352,https://www.anytimefitness.com/locations/lake-orion-michigan-4202,42.72712,-83.30696,Lake Orion,Michigan,Anytime Fitness
2353,https://www.anytimefitness.com/locations/st.-james-minnesota-1074,43.98167,-94.62883,St. James,Minnesota,Anytime Fitness
2354,https://www.anytimefitness.com/locations/orange-virginia-1788,38.23278,-78.11254,Orange,Virginia,Anytime Fitness
2355,https://www.anytimefitness.com/locations/baton-rouge-louisiana-158,30.37,-91.12382,Baton Rouge,Louisiana,Anytime Fitness
2356,https://www.anytimefitness.com/locations/salem-virginia-2739,37.291034,-80.080745,Salem,Virginia,Anytime Fitness
2357,https://www.anytimefitness.com/locations/milton-wisconsin-2164,42.7705139,-88.9375073,Milton,Wisconsin,Anytime Fitness
2358,https://www.anytimefitness.com/locations/overland-park-kansas-4279,38.85967,-94.66834,Overland Park,Kansas,Anytime Fitness
2359,https://www.anytimefitness.com/locations/stonewall-louisiana-2071,32.282473,-93.81299,Stonewall,Louisiana,Anytime Fitness
2360,https://www.anytimefitness.com/locations/des-moines-iowa-480,41.62088,-93.67327,Des Moines,Iowa,Anytime Fitness
2361,https://www.anytimefitness.com/locations/boerne-texas-862,29.72051,-98.6642,Boerne,Texas,Anytime Fitness
2362,https://www.anytimefitness.com/locations/boulder-colorado-3677,40.0711,-105.20063,Boulder,Colorado,Anytime Fitness
2363,https://www.anytimefitness.com/locations/spotsylvania-virginia-4150,38.2051,-77.59268,Spotsylvania,Virginia,Anytime Fitness
2364,https://www.anytimefitness.com/locations/great-bend-kansas-1587,38.36136,-98.79016,Great Bend,Kansas,Anytime Fitness
2365,https://www.anytimefitness.com/locations/sartell-minnesota-4864,45.6310306,-94.2253204,Sartell,Minnesota,Anytime Fitness
2366,https://www.anytimefitness.com/locations/howell-michigan-1848,42.62264,-83.94762,Howell,Michigan,Anytime Fitness
2367,https://www.anytimefitness.com/locations/scottsdale-arizona-4259,33.51057,-111.90964,Scottsdale,Arizona,Anytime Fitness
2368,https://www.anytimefitness.com/locations/gonzales-louisiana-340,30.25586,-90.93071,Gonzales,Louisiana,Anytime Fitness
2369,https://www.anytimefitness.com/locations/henryetta-oklahoma-4636,35.43958267,-95.97898244,Henryetta,Oklahoma,Anytime Fitness
2370,https://www.anytimefitness.com/locations/plymouth-minnesota-2933,45.02903,-93.447,Plymouth,Minnesota,Anytime Fitness
2371,https://www.anytimefitness.com/locations/meraux-louisiana-1484,29.93808,-89.9285,Meraux,Louisiana,Anytime Fitness
2372,https://www.anytimefitness.com/locations/lake-city-minnesota-55,44.45434,-92.28537,Lake City,Minnesota,Anytime Fitness
2373,https://www.anytimefitness.com/locations/altoona-iowa-456,41.66272,-93.46528,Altoona,Iowa,Anytime Fitness
2374,https://www.anytimefitness.com/locations/harrison-arkansas-4117,36.2511,-93.12287,Harrison,Arkansas,Anytime Fitness
2375,https://www.anytimefitness.com/locations/el-reno-oklahoma-1535,35.50963,-97.94198,El Reno,Oklahoma,Anytime Fitness
2376,https://www.anytimefitness.com/locations/deep-river-connecticut-4188,41.38405,-72.43543,Deep River,Connecticut,Anytime Fitness
2377,https://www.anytimefitness.com/locations/clinton-utah-292,41.13946,-112.06021,Clinton,Utah,Anytime Fitness
2378,https://www.anytimefitness.com/locations/johns-creek-georgia-3839,34.02611,-84.25,Johns Creek,Georgia,Anytime Fitness
2379,https://www.anytimefitness.com/locations/othello-washington-1323,46.82591,-119.16388,Othello,Washington,Anytime Fitness
2380,https://www.anytimefitness.com/locations/granby-connecticut-3385,41.9524,-72.78419,Granby,Connecticut,Anytime Fitness
2381,https://www.anytimefitness.com/locations/patterson-california-1980,37.46481,-121.14413,Patterson,California,Anytime Fitness
2382,https://www.anytimefitness.com/locations/ephrata-washington-1665,47.325782,-119.547849,Ephrata,Washington,Anytime Fitness
2383,https://www.anytimefitness.com/locations/rock-hill-south-carolina-5600,34.938952,-81.039308,Rock Hill,South Carolina,Anytime Fitness
2384,https://www.anytimefitness.com/locations/worcester-massachusetts-2732,42.2716,-71.77539,Worcester,Massachusetts,Anytime Fitness
2385,https://www.anytimefitness.com/locations/loomis-california-1783,38.833834,-121.169662,Loomis,California,Anytime Fitness
2386,https://www.anytimefitness.com/locations/phenix-city-alabama-3109,32.52156,-85.02909,Phenix City,Alabama,Anytime Fitness
2387,https://www.anytimefitness.com/locations/el-paso-texas-3414,31.83897,-106.573477,El Paso,Texas,Anytime Fitness
2388,https://www.anytimefitness.com/locations/soldotna-alaska-3895,60.50729,-151.16708,Soldotna,Alaska,Anytime Fitness
2389,https://www.anytimefitness.com/locations/albuquerque-new-mexico-1051,35.05511,-106.73819,Albuquerque,New Mexico,Anytime Fitness
2390,https://www.anytimefitness.com/locations/bryan-ohio-3752,41.46095,-84.55266,Bryan,Ohio,Anytime Fitness
2391,https://www.anytimefitness.com/locations/decatur-indiana-1803,40.833141,-84.940593,Decatur,Indiana,Anytime Fitness
2392,https://www.anytimefitness.com/locations/henderson-nevada-4285,35.94146,-115.11741,Henderson,Nevada,Anytime Fitness
2393,https://www.anytimefitness.com/locations/franklin-wisconsin-663,42.91689,-87.95146,Franklin,Wisconsin,Anytime Fitness
2394,https://www.anytimefitness.com/locations/hockessin-delaware-3930,39.774717,-75.7108,Hockessin,Delaware,Anytime Fitness
2395,https://www.anytimefitness.com/locations/merrillville-indiana-4359,41.47048,-87.27697,Merrillville,Indiana,Anytime Fitness
2396,https://www.anytimefitness.com/locations/berkeley-california-3170,37.89122,-122.27974,Berkeley,California,Anytime Fitness
2397,https://www.anytimefitness.com/locations/cantonment-florida-4203,30.59766,-87.31187,Cantonment,Florida,Anytime Fitness
2398,https://www.anytimefitness.com/locations/westfield-indiana-1523,40.04141,-86.11018,Westfield,Indiana,Anytime Fitness
2399,https://www.anytimefitness.com/locations/lake-mills-wisconsin-3436,43.092239,-88.91509,Lake Mills,Wisconsin,Anytime Fitness
2400,https://www.anytimefitness.com/locations/springfield-illinois-2864,39.75693,-89.73562,Springfield,Illinois,Anytime Fitness
2401,https://www.anytimefitness.com/locations/ham-lake-minnesota-7,45.21216,-93.23216,Ham Lake,Minnesota,Anytime Fitness
2402,https://www.anytimefitness.com/locations/kittanning-pennsylvania-2561,40.813457,-79.550686,Kittanning,Pennsylvania,Anytime Fitness
2403,https://www.anytimefitness.com/locations/saint-augustine-florida-4386,29.817946,-81.32236,Saint Augustine,Florida,Anytime Fitness
2404,https://www.anytimefitness.com/locations/abilene-texas-2289,32.40342,-99.75737,Abilene,Texas,Anytime Fitness
2405,https://www.anytimefitness.com/locations/fredericksburg-texas-2395,30.25833,-98.85173,Fredericksburg,Texas,Anytime Fitness
2406,https://www.anytimefitness.com/locations/dyer-indiana-4416,41.4347,-87.5145,Dyer,Indiana,Anytime Fitness
2407,https://www.anytimefitness.com/locations/mckinney-texas-3561,33.21814,-96.63794,McKinney,Texas,Anytime Fitness
2408,https://www.anytimefitness.com/locations/shelton-washington-616,47.2229,-123.12154,Shelton,Washington,Anytime Fitness
2409,https://www.anytimefitness.com/locations/san-clemente-california-2072,33.4636,-117.59927,San Clemente,California,Anytime Fitness
2410,https://www.anytimefitness.com/locations/davenport-florida-2617,28.25922,-81.59247,Davenport,Florida,Anytime Fitness
2411,https://www.anytimefitness.com/locations/mora-minnesota-1572,45.87647,-93.28105,Mora,Minnesota,Anytime Fitness
2412,https://www.anytimefitness.com/locations/rochelle-illinois-2496,41.93277,-89.05302,Rochelle,Illinois,Anytime Fitness
2413,https://www.anytimefitness.com/locations/big-spring-texas-3182,32.22793,-101.47199,Big Spring,Texas,Anytime Fitness
2414,https://www.anytimefitness.com/locations/farmington-minnesota-211,44.64813,-93.1359,Farmington,Minnesota,Anytime Fitness
2415,https://www.anytimefitness.com/locations/burrillville-rhode-island-4168,41.96789,-71.64348,Burrillville,Rhode Island,Anytime Fitness
2416,https://www.anytimefitness.com/locations/billings-montana-1049,45.78135,-108.50441,Billings,Montana,Anytime Fitness
2417,https://www.anytimefitness.com/locations/san-marcos-texas-433,29.86344,-97.95997,San Marcos,Texas,Anytime Fitness
2418,https://www.anytimefitness.com/locations/mendota-illinois-3793,41.553344,-89.12918,Mendota,Illinois,Anytime Fitness
2419,https://www.anytimefitness.com/locations/simi-valley-california-3705,34.27983,-118.7397,Simi Valley,California,Anytime Fitness
2420,https://www.anytimefitness.com/locations/texarkana-texas-2168,33.46808,-94.09631,Texarkana,Texas,Anytime Fitness
2421,https://www.anytimefitness.com/locations/rocklin-california-5174,38.814987,-121.259815,Rocklin,California,Anytime Fitness
2422,https://www.anytimefitness.com/locations/schertz-texas-56,29.58703,-98.26714,Schertz,Texas,Anytime Fitness
2423,https://www.anytimefitness.com/locations/kingsport-tennessee-4303,36.54691,-82.52129,Kingsport,Tennessee,Anytime Fitness
2424,https://www.anytimefitness.com/locations/taylorsville-kentucky-2199,38.03968,-85.34095,Taylorsville,Kentucky,Anytime Fitness
2425,https://www.anytimefitness.com/locations/evans-georgia-4450,33.57273,-82.19157,Evans,Georgia,Anytime Fitness
2426,https://www.anytimefitness.com/locations/evansville-wisconsin-3567,42.77837,-89.26598,Evansville,Wisconsin,Anytime Fitness
2427,https://www.anytimefitness.com/locations/albert-lea-minnesota-3,43.652594,-93.359975,Albert Lea,Minnesota,Anytime Fitness
2428,https://www.anytimefitness.com/locations/carson-city-nevada-3116,39.18418,-119.76759,Carson City,Nevada,Anytime Fitness
2429,https://www.anytimefitness.com/locations/warren-michigan-5130,42.521215,-83.050691,Warren,Michigan,Anytime Fitness
2430,https://www.anytimefitness.com/locations/indianapolis-indiana-3176,39.9257,-86.0692,Indianapolis,Indiana,Anytime Fitness
2431,https://www.anytimefitness.com/locations/celina-ohio-3755,40.54871,-84.56846,Celina,Ohio,Anytime Fitness
2432,https://www.anytimefitness.com/locations/philomath-oregon-70,44.54022,-123.36741,Philomath,Oregon,Anytime Fitness
2433,https://www.anytimefitness.com/locations/sequim-washington-1959,48.09479,-123.10377,Sequim,Washington,Anytime Fitness
2434,https://www.anytimefitness.com/locations/moore-oklahoma-598,35.32035,-97.50515,Moore,Oklahoma,Anytime Fitness
2435,https://www.anytimefitness.com/locations/sturgeon-bay-wisconsin-2634,44.84929,-87.36293,Sturgeon Bay,Wisconsin,Anytime Fitness
2436,https://www.anytimefitness.com/locations/spring-hill-tennessee-485,35.73651,-86.92574,Spring Hill,Tennessee,Anytime Fitness
2437,https://www.anytimefitness.com/locations/pittsburgh-pennsylvania-5359,40.48833,-79.887372,Pittsburgh,Pennsylvania,Anytime Fitness
2438,https://www.anytimefitness.com/locations/sandwich-illinois-3027,41.65118,-88.57679,Sandwich,Illinois,Anytime Fitness
2439,https://www.anytimefitness.com/locations/jefferson-georgia-5300,34.111771,-83.586413,Jefferson,Georgia,Anytime Fitness
2440,https://www.anytimefitness.com/locations/sweetwater-texas-2712,32.47438,-100.39795,Sweetwater,Texas,Anytime Fitness
2441,https://www.anytimefitness.com/locations/gray-tennessee-1930,36.42367,-82.46352,Gray,Tennessee,Anytime Fitness
2442,https://www.anytimefitness.com/locations/omaha-nebraska-3122,41.2959,-96.15758,Omaha,Nebraska,Anytime Fitness
2443,https://www.anytimefitness.com/locations/lafayette-louisiana-1833,30.273458,-92.030242,Lafayette,Louisiana,Anytime Fitness
2444,https://www.anytimefitness.com/locations/lewisburg-tennessee-3101,35.4606,-86.78074,Lewisburg,Tennessee,Anytime Fitness
2445,https://www.anytimefitness.com/locations/brownsville-texas-4936,25.958777,-97.506225,Brownsville,Texas,Anytime Fitness
2446,https://www.anytimefitness.com/locations/seymour-wisconsin-2377,44.50126,-88.32383,Seymour,Wisconsin,Anytime Fitness
2447,https://www.anytimefitness.com/locations/lynden-washington-1528,48.89258,-122.44184,Lynden,Washington,Anytime Fitness
2448,https://www.anytimefitness.com/locations/kalamazoo-michigan-1637,42.257818,-85.686158,Kalamazoo,Michigan,Anytime Fitness
2449,https://www.anytimefitness.com/locations/sioux-falls-south-dakota-4702,43.515176,-96.669182,Sioux Falls,South Dakota,Anytime Fitness
2450,https://www.anytimefitness.com/locations/steamboat-springs-colorado-1099,40.46146,-106.82176,Steamboat Springs,Colorado,Anytime Fitness
2451,https://www.anytimefitness.com/locations/ottawa-ohio-4468,41.02814,-84.04306,Ottawa,Ohio,Anytime Fitness
2452,https://www.anytimefitness.com/locations/commerce-texas-2409,33.24834,-95.91318,Commerce,Texas,Anytime Fitness
2453,https://www.anytimefitness.com/locations/fort-smith-arkansas-3655,35.27304,-94.37061,Fort Smith,Arkansas,Anytime Fitness
2454,https://www.anytimefitness.com/locations/farmington-michigan-4104,42.45411,-83.37439,Farmington,Michigan,Anytime Fitness
2455,https://www.anytimefitness.com/locations/dallas-oregon-1024,44.92231,-123.31628,Dallas,Oregon,Anytime Fitness
2456,https://www.anytimefitness.com/locations/west-memphis-arkansas-4370,35.14768,-90.18457,West Memphis,Arkansas,Anytime Fitness
2457,https://www.anytimefitness.com/locations/kasson-minnesota-1897,44.02926,-92.74988,Kasson,Minnesota,Anytime Fitness
2458,https://www.anytimefitness.com/locations/brookshire-texas-5187,29.723373,-95.925639,Brookshire,Texas,Anytime Fitness
2459,https://www.anytimefitness.com/locations/sebastopol-california-5042,38.39156,-122.81805,Sebastopol,California,Anytime Fitness
2460,https://www.anytimefitness.com/locations/bardstown-kentucky-1399,37.79707,-85.424428,Bardstown,Kentucky,Anytime Fitness
2461,https://www.anytimefitness.com/locations/mesa-arizona-2652,33.44939,-111.80386,Mesa,Arizona,Anytime Fitness
2462,https://www.anytimefitness.com/locations/fredericksburg-virginia-3434,38.34542,-77.49261,Fredericksburg,Virginia,Anytime Fitness
2463,https://www.anytimefitness.com/locations/bismarck-north-dakota-423,46.79552,-100.79354,Bismarck,North Dakota,Anytime Fitness
2464,https://www.anytimefitness.com/locations/pipestone-minnesota-1908,43.995325,-96.304201,Pipestone,Minnesota,Anytime Fitness
2465,https://www.anytimefitness.com/locations/denver-colorado-4786,39.740334,-104.918101,Denver,Colorado,Anytime Fitness
2466,https://www.anytimefitness.com/locations/clinton-oklahoma-4239,35.5053,-98.98526,Clinton,Oklahoma,Anytime Fitness
2467,https://www.anytimefitness.com/locations/cleveland-mississippi-1852,33.74608,-90.71704,Cleveland,Mississippi,Anytime Fitness
2468,https://www.anytimefitness.com/locations/overland-park-kansas-5338,38.955991,-94.688521,Overland Park,Kansas,Anytime Fitness
2469,https://www.anytimefitness.com/locations/evergreen-colorado-3203,39.64553,-105.33865,Evergreen,Colorado,Anytime Fitness
2470,https://www.anytimefitness.com/locations/chicago-illinois-4387,41.95464,-87.69335,Chicago,Illinois,Anytime Fitness
2471,https://www.anytimefitness.com/locations/spanish-fort-alabama-4282,30.66468,-87.84535,Spanish Fort,Alabama,Anytime Fitness
2472,https://www.anytimefitness.com/locations/vestavia-hills-alabama-1549,33.474044,-86.694769,Vestavia Hills,Alabama,Anytime Fitness
2473,https://www.anytimefitness.com/locations/parkland-florida-2942,26.32444,-80.20468,Parkland,Florida,Anytime Fitness
2474,https://www.anytimefitness.com/locations/northfield-minnesota-85,44.45317,-93.16032,Northfield,Minnesota,Anytime Fitness
2475,https://www.anytimefitness.com/locations/elkhorn-wisconsin-3748,42.687738,-88.542075,Elkhorn,Wisconsin,Anytime Fitness
2476,https://www.anytimefitness.com/locations/vermillion-south-dakota-302,42.786992,-96.918057,Vermillion,South Dakota,Anytime Fitness
2477,https://www.anytimefitness.com/locations/louisville-kentucky-2987,38.189378,-85.517903,Louisville,Kentucky,Anytime Fitness
2478,https://www.anytimefitness.com/locations/chicago-illinois-5084,41.718873,-87.681652,Chicago,Illinois,Anytime Fitness
2479,https://www.anytimefitness.com/locations/bloomington-indiana-5471,39.214092,-86.590076,Bloomington,Indiana,Anytime Fitness
2480,https://www.anytimefitness.com/locations/riverton-utah-704,40.52263,-111.958237,Riverton,Utah,Anytime Fitness
2481,https://www.anytimefitness.com/locations/raymore-missouri-1280,38.811232,-94.468853,Raymore,Missouri,Anytime Fitness
2482,https://www.anytimefitness.com/locations/coshocton-ohio-4847,40.296331,-81.849481,Coshocton,Ohio,Anytime Fitness
2483,https://www.anytimefitness.com/locations/leechburg-pennsylvania-2662,40.60475,-79.60674,Leechburg,Pennsylvania,Anytime Fitness
2484,https://www.anytimefitness.com/locations/springville-utah-1203,40.16136,-111.59832,Springville,Utah,Anytime Fitness
2485,https://www.anytimefitness.com/locations/tacoma-washington-3365,47.27211,-122.51429,Tacoma,Washington,Anytime Fitness
2486,https://www.anytimefitness.com/locations/attleboro-massachusetts-3405,41.925053,-71.358101,Attleboro,Massachusetts,Anytime Fitness
2487,https://www.anytimefitness.com/locations/neenah-wisconsin-294,44.1756008,-88.482709,Neenah,Wisconsin,Anytime Fitness
2488,https://www.anytimefitness.com/locations/fitchburg-wisconsin-3025,43.01791,-89.42313,Fitchburg,Wisconsin,Anytime Fitness
2489,https://www.anytimefitness.com/locations/spartanburg-south-carolina-3225,34.93484,-82.01001,Spartanburg,South Carolina,Anytime Fitness
2490,https://www.anytimefitness.com/locations/peoria-illinois-3044,40.794688,-89.608199,Peoria,Illinois,Anytime Fitness
2491,https://www.anytimefitness.com/locations/las-vegas-nevada-288,36.05163,-115.24387,Las Vegas,Nevada,Anytime Fitness
2492,https://www.anytimefitness.com/locations/alexandria-virginia-3164,38.78565,-77.12253,Alexandria,Virginia,Anytime Fitness
2493,https://www.anytimefitness.com/locations/la-palma-california-4819,33.8581925,-118.0444621,La Palma,California,Anytime Fitness
2494,https://www.anytimefitness.com/locations/flowery-branch-georgia-2061,34.19581,-83.85738,Flowery Branch,Georgia,Anytime Fitness
2495,https://www.anytimefitness.com/locations/newberry-south-carolina-3332,34.28345,-81.595106,Newberry,South Carolina,Anytime Fitness
2496,https://www.anytimefitness.com/locations/rhinelander-wisconsin-572,45.633285,-89.393504,Rhinelander,Wisconsin,Anytime Fitness
2497,https://www.anytimefitness.com/locations/sarasota-florida-1413,27.27006,-82.48773,Sarasota,Florida,Anytime Fitness
2498,https://www.anytimefitness.com/locations/canyon-texas-2165,34.97415,-101.91866,Canyon,Texas,Anytime Fitness
2499,https://www.anytimefitness.com/locations/sutherlin-oregon-550,43.38811,-123.34084,Sutherlin,Oregon,Anytime Fitness
2500,https://www.anytimefitness.com/locations/scottsboro-alabama-787,34.65352,-86.03398,Scottsboro,Alabama,Anytime Fitness
2501,https://www.anytimefitness.com/locations/marysville-ohio-3004,40.24126,-83.33857,Marysville,Ohio,Anytime Fitness
2502,https://www.anytimefitness.com/locations/fort-collins-colorado-69,40.554071,-105.091893,Fort Collins,Colorado,Anytime Fitness
2503,https://www.anytimefitness.com/locations/antioch-illinois-3314,42.47841,-88.1006,Antioch,Illinois,Anytime Fitness
2504,https://www.anytimefitness.com/locations/rolla-missouri-2396,37.937417,-91.753994,Rolla,Missouri,Anytime Fitness
2505,https://www.anytimefitness.com/locations/cedar-rapids-iowa-2613,41.96422,-91.71342,Cedar Rapids,Iowa,Anytime Fitness
2506,https://www.anytimefitness.com/locations/ankeny-iowa-544,41.76016,-93.633686,Ankeny,Iowa,Anytime Fitness
2507,https://www.anytimefitness.com/locations/rio-rancho-new-mexico-425,35.32657,-106.57555,Rio Rancho,New Mexico,Anytime Fitness
2508,https://www.anytimefitness.com/locations/wildwood-florida-3161,28.82585,-81.98978,Wildwood,Florida,Anytime Fitness
2509,https://www.anytimefitness.com/locations/ellington-connecticut-3384,41.879551,-72.463144,Ellington,Connecticut,Anytime Fitness
2510,https://www.anytimefitness.com/locations/brownstown-township-michigan-1048,42.13884,-83.26404,Brownstown Township,Michigan,Anytime Fitness
2511,https://www.anytimefitness.com/locations/hartland-wisconsin-1362,43.11077,-88.34107,Hartland,Wisconsin,Anytime Fitness
2512,https://www.anytimefitness.com/locations/santa-rosa-california-2380,38.501676,-122.750693,Santa Rosa,California,Anytime Fitness
2513,https://www.anytimefitness.com/locations/westchester-illinois-3714,41.83517,-87.897865,Westchester,Illinois,Anytime Fitness
2514,https://www.anytimefitness.com/locations/liverpool-new-york-4777,43.118039,-76.159408,Liverpool,New York,Anytime Fitness
2515,https://www.anytimefitness.com/locations/white-bear-lake-minnesota-3305,45.080745,-93.054689,White Bear Lake,Minnesota,Anytime Fitness
2516,https://www.anytimefitness.com/locations/mt-vernon-washington-2129,48.44334,-122.34349,Mt Vernon,Washington,Anytime Fitness
2517,https://www.anytimefitness.com/locations/fredericksburg-virginia-4973,38.302228,-77.466058,Fredericksburg,Virginia,Anytime Fitness
2518,https://www.anytimefitness.com/locations/germantown-hills-illinois-4723,40.76613,-89.47526,Germantown Hills,Illinois,Anytime Fitness
2519,https://www.anytimefitness.com/locations/de-pere-wisconsin-857,44.44911,-88.08219,De Pere,Wisconsin,Anytime Fitness
2520,https://www.anytimefitness.com/locations/andover-minnesota-525,45.21895,-93.3537,Andover,Minnesota,Anytime Fitness
2521,https://www.anytimefitness.com/locations/reno-nevada-39,39.391529,-119.768133,Reno,Nevada,Anytime Fitness
2522,https://www.anytimefitness.com/locations/marrero-louisiana-424,29.84591,-90.11992,Marrero,Louisiana,Anytime Fitness
2523,https://www.anytimefitness.com/locations/phelan-california-4959,34.425732,-117.566409,Phelan,California,Anytime Fitness
2524,https://www.anytimefitness.com/locations/north-platte-nebraska-3867,41.13699,-100.75998,North Platte,Nebraska,Anytime Fitness
2525,https://www.anytimefitness.com/locations/mankato-minnesota-45,44.168873,-93.969827,Mankato,Minnesota,Anytime Fitness
2526,https://www.anytimefitness.com/locations/burleson-texas-931,32.53664,-97.30102,Burleson,Texas,Anytime Fitness
2527,https://www.anytimefitness.com/locations/ardmore-oklahoma-2724,34.19241,-97.16164,Ardmore,Oklahoma,Anytime Fitness
2528,https://www.anytimefitness.com/locations/marion-virginia-4871,36.849276,-81.509401,Marion,Virginia,Anytime Fitness
2529,https://www.anytimefitness.com/locations/liberty-lake-washington-1038,47.67773,-117.08936,Liberty Lake,Washington,Anytime Fitness
2530,https://www.anytimefitness.com/locations/isanti-minnesota-358,45.49263,-93.24337,Isanti,Minnesota,Anytime Fitness
2531,https://www.anytimefitness.com/locations/stoughton-wisconsin-664,42.91874,-89.24873,Stoughton,Wisconsin,Anytime Fitness
2532,https://www.anytimefitness.com/locations/waterbury-connecticut-3975,41.582125,-73.030777,Waterbury,Connecticut,Anytime Fitness
2533,https://www.anytimefitness.com/locations/punta-gorda-florida-4273,26.89105,-82.02643,Punta Gorda,Florida,Anytime Fitness
2534,https://www.anytimefitness.com/locations/henderson-nevada-1210,36.01912,-115.05329,Henderson,Nevada,Anytime Fitness
2535,https://www.anytimefitness.com/locations/kenosha-wisconsin-512,42.584771,-87.818958,Kenosha,Wisconsin,Anytime Fitness
2536,https://www.anytimefitness.com/locations/mccarran-nevada-5220,39.55502,-119.48967,McCarran,Nevada,Anytime Fitness
2537,https://www.anytimefitness.com/locations/chandler-arizona-3896,33.218288,-111.822685,Chandler,Arizona,Anytime Fitness
2538,https://www.anytimefitness.com/locations/west-chester-pennsylvania-2831,39.96614,-75.52798,West Chester,Pennsylvania,Anytime Fitness
2539,https://www.anytimefitness.com/locations/hadley-massachusetts-4406,42.365918,-72.537368,Hadley,Massachusetts,Anytime Fitness
2540,https://www.anytimefitness.com/locations/kerman-california-5523,36.734582,-120.064062,Kerman,California,Anytime Fitness
2541,https://www.anytimefitness.com/locations/crosby-minnesota-5656,46.483055,-93.957185,Crosby,Minnesota,Anytime Fitness
2542,https://www.anytimefitness.com/locations/iowa-city-iowa-1059,41.66843216,-91.48176117,Iowa City,Iowa,Anytime Fitness
2543,https://www.anytimefitness.com/locations/paragould-arkansas-1392,36.040337,-90.511475,Paragould,Arkansas,Anytime Fitness
2544,https://www.anytimefitness.com/locations/mariemont-ohio-3251,39.14361,-84.36585,Mariemont,Ohio,Anytime Fitness
2545,https://www.anytimefitness.com/locations/quincy-washington-3339,47.23071,-119.87454,Quincy,Washington,Anytime Fitness
2546,https://www.anytimefitness.com/locations/sapulpa-oklahoma-820,35.9961,-96.11451,Sapulpa,Oklahoma,Anytime Fitness
2547,https://www.anytimefitness.com/locations/the-colony-texas-4229,33.07782,-96.86558,The Colony,Texas,Anytime Fitness
2548,https://www.anytimefitness.com/locations/nolensville-tennessee-5607,35.9522852,-86.6694413,Nolensville,Tennessee,Anytime Fitness
2549,https://www.anytimefitness.com/locations/coldwater-michigan-2272,41.934702,-84.969875,Coldwater,Michigan,Anytime Fitness
2550,https://www.anytimefitness.com/locations/livingston-louisiana-899,30.49013,-90.74783,Livingston,Louisiana,Anytime Fitness
2551,https://www.anytimefitness.com/locations/wylie-texas-1191,33.01394,-96.53876,Wylie,Texas,Anytime Fitness
2552,https://www.anytimefitness.com/locations/galloway-new-jersey-4527,39.48769,-74.46319,Galloway,New Jersey,Anytime Fitness
2553,https://www.anytimefitness.com/locations/tracy-california-3375,37.71092,-121.43311,Tracy,California,Anytime Fitness
2554,https://www.anytimefitness.com/locations/pleasanton-texas-3469,28.951215,-98.498756,Pleasanton,Texas,Anytime Fitness
2555,https://www.anytimefitness.com/locations/ocala-florida-1997,29.14585,-82.18835,Ocala,Florida,Anytime Fitness
2556,https://www.anytimefitness.com/locations/baton-rouge-louisiana-161,30.4334,-91.1123,Baton Rouge,Louisiana,Anytime Fitness
2557,https://www.anytimefitness.com/locations/windsor-colorado-181,40.47857,-104.9173,Windsor,Colorado,Anytime Fitness
2558,https://www.anytimefitness.com/locations/easley-south-carolina-4774,34.817628,-82.600466,Easley,South Carolina,Anytime Fitness
2559,https://www.anytimefitness.com/locations/kerrville-texas-3234,30.056647,-99.162877,Kerrville,Texas,Anytime Fitness
2560,https://www.anytimefitness.com/locations/harrison-ohio-3258,39.25899,-84.79375,Harrison,Ohio,Anytime Fitness
2561,https://www.anytimefitness.com/locations/albuquerque-new-mexico-3612,35.11046,-106.60762,Albuquerque,New Mexico,Anytime Fitness
2562,https://www.anytimefitness.com/locations/st.-charles-illinois-2653,41.9205446,-88.2650484,St. Charles,Illinois,Anytime Fitness
2563,https://www.anytimefitness.com/locations/williamsburg-virginia-3636,37.25783,-76.74097,Williamsburg,Virginia,Anytime Fitness
2564,https://www.anytimefitness.com/locations/acworth-georgia-2463,33.996787,-84.70792,Acworth,Georgia,Anytime Fitness
2565,https://www.anytimefitness.com/locations/new-braunfels-texas-37,29.72166,-98.14665,New Braunfels,Texas,Anytime Fitness
2566,https://www.anytimefitness.com/locations/laurel-montana-5180,45.668042,-108.778637,Laurel,Montana,Anytime Fitness
2567,https://www.anytimefitness.com/locations/jamestown-north-dakota-2167,46.883503,-98.721127,Jamestown,North Dakota,Anytime Fitness
2568,https://www.anytimefitness.com/locations/clarksville-arkansas-4061,35.45816,-93.46109,Clarksville,Arkansas,Anytime Fitness
2569,https://www.anytimefitness.com/locations/de-forest-wisconsin-692,43.24125,-89.3425,De Forest,Wisconsin,Anytime Fitness
2570,https://www.anytimefitness.com/locations/lebanon-oregon-291,44.53947,-122.90687,Lebanon,Oregon,Anytime Fitness
2571,https://www.anytimefitness.com/locations/state-college-pennsylvania-3569,40.8248,-77.81226,State College,Pennsylvania,Anytime Fitness
2572,https://www.anytimefitness.com/locations/brentwood-pennsylvania-5287,40.366924,-79.982976,Brentwood,Pennsylvania,Anytime Fitness
2573,https://www.anytimefitness.com/locations/olivette-missouri-4112,38.6732,-90.38771,Olivette,Missouri,Anytime Fitness
2574,https://www.anytimefitness.com/locations/wausau-wisconsin-2465,44.95669,-89.62673,Wausau,Wisconsin,Anytime Fitness
2575,https://www.anytimefitness.com/locations/lake-wales-florida-2827,27.89167,-81.56376,Lake Wales,Florida,Anytime Fitness
2576,https://www.anytimefitness.com/locations/shorewood-wisconsin-863,43.08949,-87.88779,Shorewood,Wisconsin,Anytime Fitness
2577,https://www.anytimefitness.com/locations/boynton-beach-florida-5008,26.570642,-80.087799,Boynton Beach,Florida,Anytime Fitness
2578,https://www.anytimefitness.com/locations/carrollton-virginia-1893,36.95011,-76.532,Carrollton,Virginia,Anytime Fitness
2579,https://www.anytimefitness.com/locations/matthews-north-carolina-3235,35.12346,-80.65407,Matthews,North Carolina,Anytime Fitness
2580,https://www.anytimefitness.com/locations/shelbyville-indiana-321,39.52305,-85.74738,Shelbyville,Indiana,Anytime Fitness
2581,https://www.anytimefitness.com/locations/marion-iowa-1283,42.03309,-91.60472,Marion,Iowa,Anytime Fitness
2582,https://www.anytimefitness.com/locations/metairie-louisiana-160,30.005224,-90.197247,Metairie,Louisiana,Anytime Fitness
2583,https://www.anytimefitness.com/locations/pittsburgh-pennsylvania-4480,40.43026,-79.996556,Pittsburgh,Pennsylvania,Anytime Fitness
2584,https://www.anytimefitness.com/locations/cedar-lake-indiana-4078,41.37655,-87.45208,Cedar Lake,Indiana,Anytime Fitness
2585,https://www.anytimefitness.com/locations/aurora-indiana-29,39.07832,-84.89137,Aurora,Indiana,Anytime Fitness
2586,https://www.anytimefitness.com/locations/merrill-wisconsin-5010,45.179518,-89.650954,Merrill,Wisconsin,Anytime Fitness
2587,https://www.anytimefitness.com/locations/powell-wyoming-4904,44.75475,-108.756316,Powell,Wyoming,Anytime Fitness
2588,https://www.anytimefitness.com/locations/tyngsboro-massachusetts-2554,42.68374,-71.42794,Tyngsboro,Massachusetts,Anytime Fitness
2589,https://www.anytimefitness.com/locations/taylor-texas-4272,30.58385,-97.41264,Taylor,Texas,Anytime Fitness
2590,https://www.anytimefitness.com/locations/summerville-georgia-5667,34.49291,-85.335325,Summerville,Georgia,Anytime Fitness
2591,https://www.anytimefitness.com/locations/seattle-washington-5519,47.708475,-122.320265,Seattle,Washington,Anytime Fitness
2592,https://www.anytimefitness.com/locations/luling-louisiana-1905,29.911926,-90.348245,Luling,Louisiana,Anytime Fitness
2593,https://www.anytimefitness.com/locations/healdsburg-california-4601,38.6061,-122.86203,Healdsburg,California,Anytime Fitness
2594,https://www.anytimefitness.com/locations/louisville-kentucky-5060,38.225753,-85.575236,Louisville,Kentucky,Anytime Fitness
2595,https://www.anytimefitness.com/locations/marble-falls-texas-1287,30.58354,-98.27125,Marble Falls,Texas,Anytime Fitness
2596,https://www.anytimefitness.com/locations/brentwood-california-1154,37.94365,-121.69591,Brentwood,California,Anytime Fitness
2597,https://www.anytimefitness.com/locations/wailuku-hawaii-3829,20.88736,-156.49206,Wailuku,Hawaii,Anytime Fitness
2598,https://www.anytimefitness.com/locations/west-lawn-pennsylvania-3985,40.31519,-75.99405,West Lawn,Pennsylvania,Anytime Fitness
2599,https://www.anytimefitness.com/locations/southport-indiana-1412,39.664739,-86.198137,Southport,Indiana,Anytime Fitness
2600,https://www.anytimefitness.com/locations/south-sioux-city-nebraska-4079,42.46471,-96.42902,South Sioux City,Nebraska,Anytime Fitness
2601,https://www.anytimefitness.com/locations/west-salem-wisconsin-3702,43.89955,-91.10724,West Salem,Wisconsin,Anytime Fitness
2602,https://www.anytimefitness.com/locations/thief-river-falls-minnesota-414,48.10967,-96.14953,Thief River Falls,Minnesota,Anytime Fitness
2603,https://www.anytimefitness.com/locations/clearfield-pennsylvania-4848,41.023478,-78.412871,Clearfield,Pennsylvania,Anytime Fitness
2604,https://www.anytimefitness.com/locations/longview-texas-1063,32.53473,-94.7893,Longview,Texas,Anytime Fitness
2605,https://www.anytimefitness.com/locations/polk-city-iowa-5114,41.764799,-93.717743,Polk City,Iowa,Anytime Fitness
2606,https://www.anytimefitness.com/locations/corydon-indiana-1124,38.2289,-86.13312,Corydon,Indiana,Anytime Fitness
2607,https://www.anytimefitness.com/locations/tumwater-washington-333,46.99753,-122.92041,Tumwater,Washington,Anytime Fitness
2608,https://www.anytimefitness.com/locations/devils-lake-north-dakota-1296,48.1141838,-98.8629568,Devils Lake,North Dakota,Anytime Fitness
2609,https://www.anytimefitness.com/locations/leo-indiana-2076,41.212878,-85.019431,Leo,Indiana,Anytime Fitness
2610,https://www.anytimefitness.com/locations/morgan-city-louisiana-2008,29.70602,-91.20121,Morgan City,Louisiana,Anytime Fitness
2611,https://www.anytimefitness.com/locations/north-port-florida-3678,27.070061,-82.210205,North Port,Florida,Anytime Fitness
2612,https://www.anytimefitness.com/locations/douglas-georgia-2354,31.49048,-82.848235,Douglas,Georgia,Anytime Fitness
2613,https://www.anytimefitness.com/locations/moorpark-california-3741,34.27792,-118.88405,Moorpark,California,Anytime Fitness
2614,https://www.anytimefitness.com/locations/aurora-illinois-4069,41.812138,-88.283118,Aurora,Illinois,Anytime Fitness
2615,https://www.anytimefitness.com/locations/grove-city-pennsylvania-3586,41.16675,-80.10984,Grove City,Pennsylvania,Anytime Fitness
2616,https://www.anytimefitness.com/locations/vernon-texas-3997,34.161012,-99.312958,Vernon,Texas,Anytime Fitness
2617,https://www.anytimefitness.com/locations/madison-connecticut-3916,41.35951,-72.63613,Madison,Connecticut,Anytime Fitness
2618,https://www.anytimefitness.com/locations/woodridge-illinois-4363,41.749279,-88.042342,Woodridge,Illinois,Anytime Fitness
2619,https://www.anytimefitness.com/locations/beaver-dam-wisconsin-2529,43.47435,-88.82545,Beaver Dam,Wisconsin,Anytime Fitness
2620,https://www.anytimefitness.com/locations/bushnell-florida-2891,28.66731,-82.1407,Bushnell,Florida,Anytime Fitness
2621,https://www.anytimefitness.com/locations/ashdown-arkansas-2211,33.65775,-94.1145,Ashdown,Arkansas,Anytime Fitness
2622,https://www.anytimefitness.com/locations/troy-michigan-3538,42.621589,-83.172178,Troy,Michigan,Anytime Fitness
2623,https://www.anytimefitness.com/locations/hoschton-georgia-1233,34.106479,-83.702931,Hoschton,Georgia,Anytime Fitness
2624,https://www.anytimefitness.com/locations/moxee-washington-4251,46.556929,-120.392241,Moxee,Washington,Anytime Fitness
2625,https://www.anytimefitness.com/locations/belle-mead-new-jersey-5659,40.461487,-74.65704,Belle Mead,New Jersey,Anytime Fitness
2626,https://www.anytimefitness.com/locations/brooklyn-park-minnesota-3563,45.10994,-93.3405,Brooklyn Park,Minnesota,Anytime Fitness
2627,https://www.anytimefitness.com/locations/hallsville-texas-2665,32.51066,-94.59268,Hallsville,Texas,Anytime Fitness
2628,https://www.anytimefitness.com/locations/warrington-pennsylvania-5655,40.233194,-75.135016,Warrington,Pennsylvania,Anytime Fitness
2629,https://www.anytimefitness.com/locations/grand-forks-north-dakota-125,47.89073,-97.08143,Grand Forks,North Dakota,Anytime Fitness
2630,https://www.anytimefitness.com/locations/marshall-texas-1861,32.56007,-94.34994,Marshall,Texas,Anytime Fitness
2631,https://www.anytimefitness.com/locations/kennewick-washington-5195,46.18178,-119.1732,Kennewick,Washington,Anytime Fitness
2632,https://www.anytimefitness.com/locations/eau-claire-wisconsin-1132,44.82041,-91.47238,Eau Claire,Wisconsin,Anytime Fitness
2633,https://www.anytimefitness.com/locations/gun-barrel-city-texas-984,32.33199,-96.1314,Gun Barrel City,Texas,Anytime Fitness
2634,https://www.anytimefitness.com/locations/nevada-iowa-235,42.01202,-93.4357,Nevada,Iowa,Anytime Fitness
2635,https://www.anytimefitness.com/locations/prescott-valley-arizona-12,34.579611,-112.348646,Prescott Valley,Arizona,Anytime Fitness
2636,https://www.anytimefitness.com/locations/horizon-city-texas-3432,31.69855,-106.22619,Horizon City,Texas,Anytime Fitness
2637,https://www.anytimefitness.com/locations/snyder--texas-4593,32.696003,-100.919781,Snyder ,Texas,Anytime Fitness
2638,https://www.anytimefitness.com/locations/west-allis-wisconsin-4835,43.003873,-88.047646,West Allis,Wisconsin,Anytime Fitness
2639,https://www.anytimefitness.com/locations/oklahoma-city-oklahoma-4459,35.363639,-97.550509,Oklahoma City,Oklahoma,Anytime Fitness
2640,https://www.anytimefitness.com/locations/shiloh-illinois-428,38.57006,-89.94261,Shiloh,Illinois,Anytime Fitness
2641,https://www.anytimefitness.com/locations/liberty-texas-1477,30.07619,-94.78184,Liberty,Texas,Anytime Fitness
2642,https://www.anytimefitness.com/locations/amarillo-texas-3473,35.21163,-101.90104,Amarillo,Texas,Anytime Fitness
2643,https://www.anytimefitness.com/locations/carlsbad-new-mexico-3817,32.4254,-104.22357,Carlsbad,New Mexico,Anytime Fitness
2644,https://www.anytimefitness.com/locations/thomasville-georgia-1695,30.85318,-83.94967,Thomasville,Georgia,Anytime Fitness
2645,https://www.anytimefitness.com/locations/gilroy-california-2799,37.01368,-121.58454,Gilroy,California,Anytime Fitness
2646,https://www.anytimefitness.com/locations/logan-ohio-5256,39.540315,-82.40958,Logan,Ohio,Anytime Fitness
2647,https://www.anytimefitness.com/locations/shelbyville-kentucky-2077,38.20845,-85.20441,Shelbyville,Kentucky,Anytime Fitness
2648,https://www.anytimefitness.com/locations/bucyrus-ohio-4317,40.81044,-82.94873,Bucyrus,Ohio,Anytime Fitness
2649,https://www.anytimefitness.com/locations/harrison-new-jersey-5468,40.741337,-74.155672,Harrison,New Jersey,Anytime Fitness
2650,https://www.anytimefitness.com/locations/galveston-texas-2885,29.28947,-94.83581,Galveston,Texas,Anytime Fitness
2651,https://www.anytimefitness.com/locations/zachary-louisiana-226,30.651862,-91.181261,Zachary,Louisiana,Anytime Fitness
2652,https://www.anytimefitness.com/locations/white-lake-michigan-4189,42.65,-83.52093,White Lake,Michigan,Anytime Fitness
2653,https://www.anytimefitness.com/locations/milwaukee-wisconsin-1014,42.97557,-87.98865,Milwaukee,Wisconsin,Anytime Fitness
2654,https://www.anytimefitness.com/locations/minnetonka-minnesota-57,44.95317,-93.41929,Minnetonka,Minnesota,Anytime Fitness
2655,https://www.anytimefitness.com/locations/minneapolis-minnesota-4763,45.010506303,-93.247151601,Minneapolis,Minnesota,Anytime Fitness
2656,https://www.anytimefitness.com/locations/virginia-beach-virginia-2083,36.82138,-76.11993,Virginia Beach,Virginia,Anytime Fitness
2657,https://www.anytimefitness.com/locations/boiling-springs-south-carolina-1542,35.04464,-81.98135,Boiling Springs,South Carolina,Anytime Fitness
2658,https://www.anytimefitness.com/locations/bridgeton-new-jersey-3394,39.43978,-75.26404,Bridgeton,New Jersey,Anytime Fitness
2659,https://www.anytimefitness.com/locations/delavan-wisconsin-2811,42.62597,-88.62373,Delavan,Wisconsin,Anytime Fitness
2660,https://www.anytimefitness.com/locations/las-vegas-new-mexico-4897,35.6088911,-105.223553,Las Vegas,New Mexico,Anytime Fitness
2661,https://www.anytimefitness.com/locations/monticello-indiana-4382,40.75638,-86.76589,Monticello,Indiana,Anytime Fitness
2662,https://www.anytimefitness.com/locations/hermantown-minnesota-47,46.825308,-92.190884,Hermantown,Minnesota,Anytime Fitness
2663,https://www.anytimefitness.com/locations/iowa-louisiana-4314,30.23578,-93.01375,Iowa,Louisiana,Anytime Fitness
2664,https://www.anytimefitness.com/locations/cedar-park-texas-2110,30.47842,-97.81893,Cedar Park,Texas,Anytime Fitness
2665,https://www.anytimefitness.com/locations/sparks-maryland-5196,39.525691,-76.644766,Sparks,Maryland,Anytime Fitness
2666,https://www.anytimefitness.com/locations/st.-paul-minnesota-3989,44.91375,-93.186048,St. Paul,Minnesota,Anytime Fitness
2667,https://www.anytimefitness.com/locations/york-pennsylvania-2146,39.942556,-76.741888,York,Pennsylvania,Anytime Fitness
2668,https://www.anytimefitness.com/locations/hillsboro-texas-2506,32.00714,-97.09832,Hillsboro,Texas,Anytime Fitness
2669,https://www.anytimefitness.com/locations/grimes-iowa-4642,41.68719,-93.805275,Grimes,Iowa,Anytime Fitness
2670,https://www.anytimefitness.com/locations/bismarck-north-dakota-197,46.855916,-100.763009,Bismarck,North Dakota,Anytime Fitness
2671,https://www.anytimefitness.com/locations/manning-south-carolina-2394,33.69694,-80.21101,Manning,South Carolina,Anytime Fitness
2672,https://www.anytimefitness.com/locations/st.-albans-west-virginia-3338,38.387202,-81.825255,St. Albans,West Virginia,Anytime Fitness
2673,https://www.anytimefitness.com/locations/milwaukee-wisconsin-1329,43.17705,-87.99535,Milwaukee,Wisconsin,Anytime Fitness
2674,https://www.anytimefitness.com/locations/bastrop-texas-1052,30.11290373,-97.3376707,Bastrop,Texas,Anytime Fitness
2675,https://www.anytimefitness.com/locations/sparta-wisconsin-4286,43.93657,-90.84031,Sparta,Wisconsin,Anytime Fitness
2676,https://www.anytimefitness.com/locations/seguin-texas-215,29.58433,-97.94213,Seguin,Texas,Anytime Fitness
2677,https://www.anytimefitness.com/locations/hastings-minnesota-892,44.73626,-92.87976,Hastings,Minnesota,Anytime Fitness
2678,https://www.anytimefitness.com/locations/destrehan-louisiana-2279,29.96948,-90.37681,Destrehan,Louisiana,Anytime Fitness
2679,https://www.anytimefitness.com/locations/wildwood-missouri-3531,38.58057,-90.62704,Wildwood,Missouri,Anytime Fitness
2680,https://www.anytimefitness.com/locations/panama-city-florida-5481,30.189151,-85.661264,Panama City,Florida,Anytime Fitness
2681,https://www.anytimefitness.com/locations/odessa-texas-3966,31.85996,-102.35372,Odessa,Texas,Anytime Fitness
2682,https://www.anytimefitness.com/locations/hugo-oklahoma-2979,34.00555,-95.49119,Hugo,Oklahoma,Anytime Fitness
2683,https://www.anytimefitness.com/locations/buffalo-minnesota-532,45.17797,-93.86623,Buffalo,Minnesota,Anytime Fitness
2684,https://www.anytimefitness.com/locations/los-lunas-new-mexico-4708,34.807701,-106.703179,Los Lunas,New Mexico,Anytime Fitness
2685,https://www.anytimefitness.com/locations/lufkin-texas-627,31.30677,-94.73042,Lufkin,Texas,Anytime Fitness
2686,https://www.anytimefitness.com/locations/tampa-florida-991,28.04996,-82.5033,Tampa,Florida,Anytime Fitness
2687,https://www.anytimefitness.com/locations/des-moines-iowa-2911,41.58171,-93.61984,Des Moines,Iowa,Anytime Fitness
2688,https://www.anytimefitness.com/locations/weeki-wachee-florida-4799,28.569731,-82.559889,Weeki Wachee,Florida,Anytime Fitness
2689,https://www.anytimefitness.com/locations/atascocita-texas-5063,29.984117,-95.162821,Atascocita,Texas,Anytime Fitness
2690,https://www.anytimefitness.com/locations/winter-park-florida-2158,28.59015,-81.35944,Winter Park,Florida,Anytime Fitness
2691,https://www.anytimefitness.com/locations/bensenville-illinois-4635,41.9332851,-87.9386057,Bensenville,Illinois,Anytime Fitness
2692,https://www.anytimefitness.com/locations/lansdale-pennsylvania-3265,40.23017,-75.31155,Lansdale,Pennsylvania,Anytime Fitness
2693,https://www.anytimefitness.com/locations/reno-nevada-2915,39.47608,-119.76569,Reno,Nevada,Anytime Fitness
2694,https://www.anytimefitness.com/locations/waco-texas-4658,31.535824,-97.18625,Waco,Texas,Anytime Fitness
2695,https://www.anytimefitness.com/locations/montclair-new-jersey-4558,40.811374,-74.214533,Montclair,New Jersey,Anytime Fitness
2696,https://www.anytimefitness.com/locations/nacogdoches-texas-2675,31.638453,-94.654916,Nacogdoches,Texas,Anytime Fitness
2697,https://www.anytimefitness.com/locations/prairie-du-chien-wisconsin-3924,43.02623,-91.12627,Prairie du Chien,Wisconsin,Anytime Fitness
2698,https://www.anytimefitness.com/locations/kansas-city-missouri-5339,39.193878,-94.579965,Kansas City,Missouri,Anytime Fitness
2699,https://www.anytimefitness.com/locations/floyds-knobs-indiana-621,38.32959,-85.89719,Floyds Knobs,Indiana,Anytime Fitness
2700,https://www.anytimefitness.com/locations/san-diego-california-4742,32.822506,-117.102617,San Diego,California,Anytime Fitness
2701,https://www.anytimefitness.com/locations/virginia-beach-virginia-2397,36.87392,-76.13612,Virginia Beach,Virginia,Anytime Fitness
2702,https://www.anytimefitness.com/locations/palm-coast-florida-1809,29.55154,-81.22243,Palm Coast,Florida,Anytime Fitness
2703,https://www.anytimefitness.com/locations/rigby-idaho-3079,43.685621,-111.908118,Rigby,Idaho,Anytime Fitness
2704,https://www.anytimefitness.com/locations/gardnerville-nevada-2667,38.93613,-119.74061,Gardnerville,Nevada,Anytime Fitness
2705,https://www.anytimefitness.com/locations/rolesville-north-carolina-5429,35.923298,-78.459161,Rolesville,North Carolina,Anytime Fitness
2706,https://www.anytimefitness.com/locations/oklahoma-city-oklahoma-3478,35.59429,-97.56503,Oklahoma City,Oklahoma,Anytime Fitness
2707,https://www.anytimefitness.com/locations/crown-point-indiana-216,41.4250285,-87.335034,Crown Point,Indiana,Anytime Fitness
2708,https://www.anytimefitness.com/locations/jasper-indiana-2702,38.40573,-86.937136,Jasper,Indiana,Anytime Fitness
2709,https://www.anytimefitness.com/locations/uxbridge-massachusetts-1742,42.081675,-71.638914,Uxbridge,Massachusetts,Anytime Fitness
2710,https://www.anytimefitness.com/locations/central-point-oregon-1030,42.37427,-122.91436,Central Point,Oregon,Anytime Fitness
2711,https://www.anytimefitness.com/locations/woodward-oklahoma-4164,36.43464,-99.40705,Woodward,Oklahoma,Anytime Fitness
2712,https://www.anytimefitness.com/locations/dixon-illinois-1175,41.86074,-89.49966,Dixon,Illinois,Anytime Fitness
2713,https://www.anytimefitness.com/locations/taft-california-3721,35.146185,-119.465644,Taft,California,Anytime Fitness
2714,https://www.anytimefitness.com/locations/zimmerman-minnesota-267,45.44276,-93.58621,Zimmerman,Minnesota,Anytime Fitness
2715,https://www.anytimefitness.com/locations/oakmont-pennsylvania-4049,40.5131,-79.84405,Oakmont,Pennsylvania,Anytime Fitness
2716,https://www.anytimefitness.com/locations/riverwoods-illinois-4241,42.168814,-87.920627,Riverwoods,Illinois,Anytime Fitness
2717,https://www.anytimefitness.com/locations/hamburg-pennsylvania-2858,40.54323,-75.97628,Hamburg,Pennsylvania,Anytime Fitness
2718,https://www.anytimefitness.com/locations/monroe-louisiana-166,32.52608,-92.042036,Monroe,Louisiana,Anytime Fitness
2719,https://www.anytimefitness.com/locations/enid-oklahoma-2693,36.39143,-97.91828,Enid,Oklahoma,Anytime Fitness
2720,https://www.anytimefitness.com/locations/litchfield-minnesota-1787,45.118757,-94.49162,Litchfield,Minnesota,Anytime Fitness
2721,https://www.anytimefitness.com/locations/irving-texas-4549,32.902304,-96.941527,Irving,Texas,Anytime Fitness
2722,https://www.anytimefitness.com/locations/hibbing-minnesota-42,47.40305,-92.94236,Hibbing,Minnesota,Anytime Fitness
2723,https://www.anytimefitness.com/locations/elk-river-minnesota-43,45.3133027,-93.5577074,Elk River,Minnesota,Anytime Fitness
2724,https://www.anytimefitness.com/locations/lambertville-michigan-545,41.74656,-83.6242,Lambertville,Michigan,Anytime Fitness
2725,https://www.anytimefitness.com/locations/traverse-city-michigan-2390,44.75447,-85.57426,Traverse City,Michigan,Anytime Fitness
2726,https://www.anytimefitness.com/locations/kansas-city-kansas-3482,39.1298,-94.834,Kansas City,Kansas,Anytime Fitness
2727,https://www.anytimefitness.com/locations/phoenix-arizona-4228,33.62762,-112.06586,Phoenix,Arizona,Anytime Fitness
2728,https://www.anytimefitness.com/locations/madison-wisconsin-693,43.11242,-89.36203,Madison,Wisconsin,Anytime Fitness
2729,https://www.anytimefitness.com/locations/ellijay-georgia-3018,34.67833,-84.47637,Ellijay,Georgia,Anytime Fitness
2730,https://www.anytimefitness.com/locations/cincinnati-ohio-5510,39.072465,-84.343805,Cincinnati,Ohio,Anytime Fitness
2731,https://www.anytimefitness.com/locations/montgomery-texas-4968,30.282964,-95.570565,Montgomery,Texas,Anytime Fitness
2732,https://www.anytimefitness.com/locations/el-paso-texas-4938,31.72713,-106.273375,El Paso,Texas,Anytime Fitness
2733,https://www.anytimefitness.com/locations/fort-mill-south-carolina-4031,35.008029,-80.911676,Fort Mill,South Carolina,Anytime Fitness
2734,https://www.anytimefitness.com/locations/blaine-minnesota-3547,45.165873,-93.264637,Blaine,Minnesota,Anytime Fitness
2735,https://www.anytimefitness.com/locations/belleville-michigan-3692,42.21521,-83.48691,Belleville,Michigan,Anytime Fitness
2736,https://www.anytimefitness.com/locations/st.-joseph-missouri-1187,39.766794,-94.801265,St. Joseph,Missouri,Anytime Fitness
2737,https://www.anytimefitness.com/locations/hudson-wisconsin-355,44.964394,-92.734415,Hudson,Wisconsin,Anytime Fitness
2738,https://www.anytimefitness.com/locations/wake-forest-north-carolina-2706,35.95074,-78.51566,Wake Forest,North Carolina,Anytime Fitness
2739,https://www.anytimefitness.com/locations/atlanta-georgia-3848,33.8886,-84.38243,Atlanta,Georgia,Anytime Fitness
2740,https://www.anytimefitness.com/locations/phoenix-arizona-5294,33.331801,-111.977891,Phoenix,Arizona,Anytime Fitness
2741,https://www.anytimefitness.com/locations/algonac-michigan-4783,42.618986,-82.532515,Algonac,Michigan,Anytime Fitness
2742,https://www.anytimefitness.com/locations/clinton-maryland-463,38.76446,-76.90141,Clinton,Maryland,Anytime Fitness
2743,https://www.anytimefitness.com/locations/waite-park-minnesota-14,45.55006,-94.232101,Waite Park,Minnesota,Anytime Fitness
2744,https://www.anytimefitness.com/locations/longview-texas-2180,32.43867,-94.71456,Longview,Texas,Anytime Fitness
2745,https://www.anytimefitness.com/locations/winters-california-2726,38.52129,-121.97149,Winters,California,Anytime Fitness
2746,https://www.anytimefitness.com/locations/madisonville-tennessee-3008,35.539959,-84.330036,Madisonville,Tennessee,Anytime Fitness
2747,https://www.anytimefitness.com/locations/plainville-massachusetts-2876,42.01066,-71.30569,Plainville,Massachusetts,Anytime Fitness
2748,https://www.anytimefitness.com/locations/oak-hill-west-virginia-4096,38.01144,-81.12836,Oak Hill,West Virginia,Anytime Fitness
2749,https://www.anytimefitness.com/locations/broussard-louisiana-225,30.08907,-91.94133,Broussard,Louisiana,Anytime Fitness
2750,https://www.anytimefitness.com/locations/latrobe-pennsylvania-2886,40.28501,-79.38121,Latrobe,Pennsylvania,Anytime Fitness
2751,https://www.anytimefitness.com/locations/wapakoneta-ohio-3751,40.57281,-84.19742,Wapakoneta,Ohio,Anytime Fitness
2752,https://www.anytimefitness.com/locations/fremont-nebraska-476,41.45083,-96.466615,Fremont,Nebraska,Anytime Fitness
2753,https://www.anytimefitness.com/locations/urbandale-iowa-347,41.61524,-93.73384,Urbandale,Iowa,Anytime Fitness
2754,https://www.anytimefitness.com/locations/west-palm-beach-florida-4115,26.70916,-80.15006,West Palm Beach,Florida,Anytime Fitness
2755,https://www.anytimefitness.com/locations/omaha-nebraska-122,41.24786,-96.19567,Omaha,Nebraska,Anytime Fitness
2756,https://www.anytimefitness.com/locations/ocoee-florida-4248,28.55239,-81.51968,Ocoee,Florida,Anytime Fitness
2757,https://www.anytimefitness.com/locations/greensburg-indiana-162,39.35409,-85.4809,Greensburg,Indiana,Anytime Fitness
2758,https://www.anytimefitness.com/locations/pearl-river-louisiana-1488,30.37255,-89.76484,Pearl River,Louisiana,Anytime Fitness
2759,https://www.anytimefitness.com/locations/machesney-park-illinois-1410,42.365038,-89.02525,Machesney Park,Illinois,Anytime Fitness
2760,https://www.anytimefitness.com/locations/irving-texas-4106,32.83948,-96.99184,Irving,Texas,Anytime Fitness
2761,https://www.anytimefitness.com/locations/san-angelo-texas-1887,31.4361,-100.50222,San Angelo,Texas,Anytime Fitness
2762,https://www.anytimefitness.com/locations/germantown-wisconsin-575,43.22034,-88.12595,Germantown,Wisconsin,Anytime Fitness
2763,https://www.anytimefitness.com/locations/knoxville-iowa-1065,41.32052,-93.09962,Knoxville,Iowa,Anytime Fitness
2764,https://www.anytimefitness.com/locations/midvale-utah-4426,40.621985,-111.869757,Midvale,Utah,Anytime Fitness
2765,https://www.anytimefitness.com/locations/kansas-city-missouri-2697,39.24446,-94.66143,Kansas City,Missouri,Anytime Fitness
2766,https://www.anytimefitness.com/locations/viroqua-wisconsin-4523,43.57356,-90.8902,Viroqua,Wisconsin,Anytime Fitness
2767,https://www.anytimefitness.com/locations/columbia-missouri-4618,38.953786,-92.364444,Columbia,Missouri,Anytime Fitness
2768,https://www.anytimefitness.com/locations/hollister-california-3167,36.83616,-121.3907,Hollister,California,Anytime Fitness
2769,https://www.anytimefitness.com/locations/boothwyn-pennsylvania-4140,39.85159,-75.45004,Boothwyn,Pennsylvania,Anytime Fitness
2770,https://www.anytimefitness.com/locations/fort-dodge-iowa-1338,42.50693,-94.15893,Fort Dodge,Iowa,Anytime Fitness
2771,https://www.anytimefitness.com/locations/lafayette-louisiana-313,30.19165,-92.05816,Lafayette,Louisiana,Anytime Fitness
2772,https://www.anytimefitness.com/locations/greensboro-north-carolina-4218,36.08818,-79.88529,Greensboro,North Carolina,Anytime Fitness
2773,https://www.anytimefitness.com/locations/sanger-texas-2956,33.364943,-97.181026,Sanger,Texas,Anytime Fitness
2774,https://www.anytimefitness.com/locations/zephyrhills-florida-2963,28.26444,-82.19041,Zephyrhills,Florida,Anytime Fitness
2775,https://www.anytimefitness.com/locations/lampasas-texas-5440,31.065874,-98.17152,Lampasas,Texas,Anytime Fitness
2776,https://www.anytimefitness.com/locations/island-city-oregon-2764,45.334902,-118.056725,Island City,Oregon,Anytime Fitness
2777,https://www.anytimefitness.com/locations/oklahoma-city-oklahoma-590,35.5951633,-97.658014452,Oklahoma City,Oklahoma,Anytime Fitness
2778,https://www.anytimefitness.com/locations/flagstaff-arizona-259,35.177736,-111.666525,Flagstaff,Arizona,Anytime Fitness
2779,https://www.anytimefitness.com/locations/fort-myers-florida-1583,26.55609,-81.90735,Fort Myers,Florida,Anytime Fitness
2780,https://www.anytimefitness.com/locations/chico-california-5509,39.770255,-121.829201,Chico,California,Anytime Fitness
2781,https://www.anytimefitness.com/locations/chino-california-4926,33.96791,-117.649584,Chino,California,Anytime Fitness
2782,https://www.anytimefitness.com/locations/scottsdale-arizona-2160,33.78169,-111.92366,Scottsdale,Arizona,Anytime Fitness
2783,https://www.anytimefitness.com/locations/quincy-illinois-4581,39.93757,-91.33029,Quincy,Illinois,Anytime Fitness
2784,https://www.anytimefitness.com/locations/lynnwood-washington-4761,47.81877813,-122.289053,Lynnwood,Washington,Anytime Fitness
2785,https://www.anytimefitness.com/locations/livonia-michigan-5513,42.367255,-83.371063,Livonia,Michigan,Anytime Fitness
2786,https://www.anytimefitness.com/locations/benton-louisiana-2062,32.678765,-93.740086,Benton,Louisiana,Anytime Fitness
2787,https://www.anytimefitness.com/locations/baxley-georgia-3558,31.76576,-82.35614,Baxley,Georgia,Anytime Fitness
2788,https://www.anytimefitness.com/locations/west-des-moines-iowa-472,41.60105,-93.80348,West Des Moines,Iowa,Anytime Fitness
2789,https://www.anytimefitness.com/locations/pleasantville-new-york-3333,41.13642,-73.79198,Pleasantville,New York,Anytime Fitness
2790,https://www.anytimefitness.com/locations/sedro-woolley-washington-3055,48.50258,-122.23762,Sedro-Woolley,Washington,Anytime Fitness
2791,https://www.anytimefitness.com/locations/lafayette-colorado-1387,39.98823,-105.09486,Lafayette,Colorado,Anytime Fitness
2792,https://www.anytimefitness.com/locations/kissimmee-florida-3837,28.25429,-81.48169,Kissimmee,Florida,Anytime Fitness
2793,https://www.anytimefitness.com/locations/brandon-south-dakota-3674,43.60221,-96.57793,Brandon,South Dakota,Anytime Fitness
2794,https://www.anytimefitness.com/locations/chiefland-florida-5059,29.49916,-82.871333,Chiefland,Florida,Anytime Fitness
2795,https://www.anytimefitness.com/locations/antigo-wisconsin-2609,45.13914,-89.1518,Antigo,Wisconsin,Anytime Fitness
2796,https://www.anytimefitness.com/locations/angola-indiana-1883,41.65685,-85.00326,Angola,Indiana,Anytime Fitness
2797,https://www.anytimefitness.com/locations/winter-garden-florida-5602,28.468918,-81.628773,Winter Garden,Florida,Anytime Fitness
2798,https://www.anytimefitness.com/locations/richmond-texas-3877,29.69502,-95.82854,Richmond,Texas,Anytime Fitness
2799,https://www.anytimefitness.com/locations/wharton-texas-2191,29.33347,-96.09491,Wharton,Texas,Anytime Fitness
2800,https://www.anytimefitness.com/locations/greer-south-carolina-1118,34.944225,-82.251083,Greer,South Carolina,Anytime Fitness
2801,https://www.anytimefitness.com/locations/smithville-missouri-2388,39.372781,-94.583757,Smithville,Missouri,Anytime Fitness
2802,https://www.anytimefitness.com/locations/berryville-virginia-1357,39.14916,-77.97464,Berryville,Virginia,Anytime Fitness
2803,https://www.anytimefitness.com/locations/st.-petersburg-florida-3583,27.72365,-82.67999,St. Petersburg,Florida,Anytime Fitness
2804,https://www.anytimefitness.com/locations/menomonee-falls-wisconsin-3422,43.12037,-88.08649,Menomonee Falls,Wisconsin,Anytime Fitness
2805,https://www.anytimefitness.com/locations/naples-florida-3193,26.245314,-81.690109,Naples,Florida,Anytime Fitness
2806,https://www.anytimefitness.com/locations/buda-texas-434,30.08807,-97.82228,Buda,Texas,Anytime Fitness
2807,https://www.anytimefitness.com/locations/marlborough-massachusetts-4645,42.34926,-71.49954,Marlborough,Massachusetts,Anytime Fitness
2808,https://www.anytimefitness.com/locations/ocala-florida-1433,29.15511,-82.05414,Ocala,Florida,Anytime Fitness
2809,https://www.anytimefitness.com/locations/west-des-moines-iowa-5373,41.567665,-93.811473,West Des Moines,Iowa,Anytime Fitness
2810,https://www.anytimefitness.com/locations/seattle-washington-3783,47.63246,-122.35897,Seattle,Washington,Anytime Fitness
2811,https://www.anytimefitness.com/locations/cadillac-michigan-798,44.28089,-85.39717,Cadillac,Michigan,Anytime Fitness
2812,https://www.anytimefitness.com/locations/st.-martinville-louisiana-3263,30.14501,-91.82279,St. Martinville,Louisiana,Anytime Fitness
2813,https://www.anytimefitness.com/locations/denison-iowa-995,42.02267,-95.36948,Denison,Iowa,Anytime Fitness
2814,https://www.anytimefitness.com/locations/pittsburgh-pennsylvania-2928,40.446512,-80.157969,Pittsburgh,Pennsylvania,Anytime Fitness
2815,https://www.anytimefitness.com/locations/rutland-vermont-4151,43.61956,-72.9557,Rutland,Vermont,Anytime Fitness
2816,https://www.anytimefitness.com/locations/salt-lake-city-utah-2202,40.72533,-111.82319,Salt Lake City,Utah,Anytime Fitness
2817,https://www.anytimefitness.com/locations/las-cruces-new-mexico-604,32.32189,-106.733063,Las Cruces,New Mexico,Anytime Fitness
2818,https://www.anytimefitness.com/locations/west-hartford-connecticut-2136,41.78448,-72.74555,West Hartford,Connecticut,Anytime Fitness
2819,https://www.anytimefitness.com/locations/alexandria-minnesota-702,45.86299,-95.38023,Alexandria,Minnesota,Anytime Fitness
2820,https://www.anytimefitness.com/locations/naples-florida-2881,26.15113,-81.68909,Naples,Florida,Anytime Fitness
2821,https://www.anytimefitness.com/locations/saratoga-springs-utah-884,40.387814,-111.90904,Saratoga Springs,Utah,Anytime Fitness
2822,https://www.anytimefitness.com/locations/freetown-massachusetts-3379,41.76998,-70.95624,Freetown,Massachusetts,Anytime Fitness
2823,https://www.anytimefitness.com/locations/auburn-indiana-1896,41.36784,-85.07216,Auburn,Indiana,Anytime Fitness
2824,https://www.anytimefitness.com/locations/new-boston-texas-2210,33.4727,-94.40255,New Boston,Texas,Anytime Fitness
2825,https://www.anytimefitness.com/locations/bossier-city-louisiana-2222,32.56084,-93.71163,Bossier City,Louisiana,Anytime Fitness
2826,https://www.anytimefitness.com/locations/virginia-beach-virginia-3337,36.77634,-76.08562,Virginia Beach,Virginia,Anytime Fitness
2827,https://www.anytimefitness.com/locations/tallahassee-florida-2596,30.46198,-84.284829,Tallahassee,Florida,Anytime Fitness
2828,https://www.anytimefitness.com/locations/phoenix-arizona-3952,33.61229,-111.99384,Phoenix,Arizona,Anytime Fitness
2829,https://www.anytimefitness.com/locations/aztec-new-mexico-2766,36.826595,-107.994102,Aztec,New Mexico,Anytime Fitness
2830,https://www.anytimefitness.com/locations/seattle-washington-1993,47.58329,-122.38606,Seattle,Washington,Anytime Fitness
2831,https://www.anytimefitness.com/locations/circleville-ohio-4854,39.587416,-82.955561,Circleville,Ohio,Anytime Fitness
2832,https://www.anytimefitness.com/locations/minooka-illinois-3312,41.420774,-88.272368,Minooka,Illinois,Anytime Fitness
2833,https://www.anytimefitness.com/locations/susanville-california-2022,40.41235,-120.63768,Susanville,California,Anytime Fitness
2834,https://www.anytimefitness.com/locations/bellingham-washington-4465,48.77334,-122.44249,Bellingham,Washington,Anytime Fitness
2835,https://www.anytimefitness.com/locations/pearland-texas-4404,29.55634,-95.41501,Pearland,Texas,Anytime Fitness
2836,https://www.anytimefitness.com/locations/hickman-nebraska-4184,40.63161,-96.63143,Hickman,Nebraska,Anytime Fitness
2837,https://www.anytimefitness.com/locations/fairlawn-virginia-2738,37.147921,-80.586954,Fairlawn,Virginia,Anytime Fitness
2838,https://www.anytimefitness.com/locations/quinlan-texas-5448,32.902482,-96.126904,Quinlan,Texas,Anytime Fitness
2839,https://www.anytimefitness.com/locations/hayes-virginia-2998,37.294207,-76.512994,Hayes,Virginia,Anytime Fitness
2840,https://www.anytimefitness.com/locations/florence-mississippi-3802,32.164348,-90.130326,Florence,Mississippi,Anytime Fitness
2841,https://www.anytimefitness.com/locations/charlotte-north-carolina-4408,35.1924,-80.87335,Charlotte,North Carolina,Anytime Fitness
2842,https://www.anytimefitness.com/locations/highland-indiana-3321,41.53894,-87.43357,Highland,Indiana,Anytime Fitness
2843,https://www.anytimefitness.com/locations/winter-haven-florida-3278,28.00298,-81.71719,Winter Haven,Florida,Anytime Fitness
2844,https://www.anytimefitness.com/locations/morgantown-west-virginia-3778,39.65015,-79.96203,Morgantown,West Virginia,Anytime Fitness
2845,https://www.anytimefitness.com/locations/coeur-d’alene-idaho-3910,47.67321688,-116.7698,Coeur d’Alene,Idaho,Anytime Fitness
2846,https://www.anytimefitness.com/locations/champaign-illinois-4149,40.10853,-88.24428,Champaign,Illinois,Anytime Fitness
2847,https://www.anytimefitness.com/locations/minneapolis-minnesota-4246,44.949508,-93.288851,Minneapolis,Minnesota,Anytime Fitness
2848,https://www.anytimefitness.com/locations/dripping-springs-texas-2369,30.191852,-98.091624,Dripping Springs,Texas,Anytime Fitness
2849,https://www.anytimefitness.com/locations/newport-arkansas-5260,35.606556,-91.270367,Newport,Arkansas,Anytime Fitness
2850,https://www.anytimefitness.com/locations/greenwood-indiana-1223,39.634604,-86.084753,Greenwood,Indiana,Anytime Fitness
2851,https://www.anytimefitness.com/locations/haines-city-florida-2490,28.105282,-81.637322,Haines City,Florida,Anytime Fitness
2852,https://www.anytimefitness.com/locations/grand-blanc-michigan-1577,42.87776,-83.59585,Grand Blanc,Michigan,Anytime Fitness
2853,https://www.anytimefitness.com/locations/abilene-texas-2009,32.45932,-99.70471,Abilene,Texas,Anytime Fitness
2854,https://www.anytimefitness.com/locations/nipomo-california-4505,35.033837,-120.485668,Nipomo,California,Anytime Fitness
2855,https://www.anytimefitness.com/locations/glendale-arizona-5176,33.71423,-112.14017,Glendale,Arizona,Anytime Fitness
2856,https://www.anytimefitness.com/locations/spartanburg-south-carolina-2137,34.966042,-81.891605,Spartanburg,South Carolina,Anytime Fitness
2857,https://www.anytimefitness.com/locations/cumming-georgia-335,34.21748,-84.15247,Cumming,Georgia,Anytime Fitness
2858,https://www.anytimefitness.com/locations/lockport-illinois-3373,41.59209,-88.03955,Lockport,Illinois,Anytime Fitness
2859,https://www.anytimefitness.com/locations/george-town-george-town-5357,19.2822,-81.3469,George Town,George Town,Anytime Fitness
2860,"https://www.anytimefitness.com/locations/grand-cayman,-cayman-islands-george-town-2232",19.32309,-81.37836,"Grand Cayman, Cayman Islands",George Town,Anytime Fitness
